id	name	dex_num	types
0	Bulbasaur	1	Grass/Poison
1	Ivysaur	2	Grass/Poison
2	Venusaur	3	Grass/Poison
3	Venusaur-Mega	3	Grass/Poison
4	Venusaur-Gmax	3	Grass/Poison
5	Charmander	4	Fire
6	Charmeleon	5	Fire
7	Charizard	6	Fire/Flying
8	Charizard-Mega-X	6	Fire/Dragon
9	Charizard-Mega-Y	6	Fire/Flying
10	Charizard-Gmax	6	Fire/Flying
11	Squirtle	7	Water
12	Wartortle	8	Water
13	Blastoise	9	Water
14	Blastoise-Mega	9	Water
15	Blastoise-Gmax	9	Water
16	Caterpie	10	Bug
17	Metapod	11	Bug
18	Butterfree	12	Bug/Flying
19	Butterfree-Gmax	12	Bug/Flying
20	Weedle	13	Bug/Poison
21	Kakuna	14	Bug/Poison
22	Beedrill	15	Bug/Poison
23	Beedrill-Mega	15	Bug/Poison
24	Pidgey	16	Normal/Flying
25	Pidgeotto	17	Normal/Flying
26	Pidgeot	18	Normal/Flying
27	Pidgeot-Mega	18	Normal/Flying
28	Rattata	19	Normal
29	Rattata-Alola	19	Dark/Normal
30	Raticate	20	Normal
31	Raticate-Alola	20	Dark/Normal
32	Raticate-Alola-Totem	20	Dark/Normal
33	Spearow	21	Normal/Flying
34	Fearow	22	Normal/Flying
35	Ekans	23	Poison
36	Arbok	24	Poison
37	Pikachu	25	Electric
38	Pikachu-Cosplay	25	Electric
39	Pikachu-Rock-Star	25	Electric
40	Pikachu-Belle	25	Electric
41	Pikachu-Pop-Star	25	Electric
42	Pikachu-PhD	25	Electric
43	Pikachu-Libre	25	Electric
44	Pikachu-Original	25	Electric
45	Pikachu-Hoenn	25	Electric
46	Pikachu-Sinnoh	25	Electric
47	Pikachu-Unova	25	Electric
48	Pikachu-Kalos	25	Electric
49	Pikachu-Alola	25	Electric
50	Pikachu-Partner	25	Electric
51	Pikachu-Starter	25	Electric
52	Pikachu-Gmax	25	Electric
53	Pikachu-World	25	Electric
54	Raichu	26	Electric
55	Raichu-Alola	26	Electric/Psychic
56	Raichu-Mega-X	26	Electric
57	Raichu-Mega-Y	26	Electric
58	Sandshrew	27	Ground
59	Sandshrew-Alola	27	Ice/Steel
60	Sandslash	28	Ground
61	Sandslash-Alola	28	Ice/Steel
62	Nidoran-F	29	Poison
63	Nidorina	30	Poison
64	Nidoqueen	31	Poison/Ground
65	Nidoran-M	32	Poison
66	Nidorino	33	Poison
67	Nidoking	34	Poison/Ground
68	Clefairy	35	Fairy
69	Clefable	36	Fairy
70	Clefable-Mega	36	Fairy/Flying
71	Vulpix	37	Fire
72	Vulpix-Alola	37	Ice
73	Ninetales	38	Fire
74	Ninetales-Alola	38	Ice/Fairy
75	Jigglypuff	39	Normal/Fairy
76	Wigglytuff	40	Normal/Fairy
77	Zubat	41	Poison/Flying
78	Golbat	42	Poison/Flying
79	Oddish	43	Grass/Poison
80	Gloom	44	Grass/Poison
81	Vileplume	45	Grass/Poison
82	Paras	46	Bug/Grass
83	Parasect	47	Bug/Grass
84	Venonat	48	Bug/Poison
85	Venomoth	49	Bug/Poison
86	Diglett	50	Ground
87	Diglett-Alola	50	Ground/Steel
88	Dugtrio	51	Ground
89	Dugtrio-Alola	51	Ground/Steel
90	Meowth	52	Normal
91	Meowth-Alola	52	Dark
92	Meowth-Galar	52	Steel
93	Meowth-Gmax	52	Normal
94	Persian	53	Normal
95	Persian-Alola	53	Dark
96	Psyduck	54	Water
97	Golduck	55	Water
98	Mankey	56	Fighting
99	Primeape	57	Fighting
100	Growlithe	58	Fire
101	Growlithe-Hisui	58	Fire/Rock
102	Arcanine	59	Fire
103	Arcanine-Hisui	59	Fire/Rock
104	Poliwag	60	Water
105	Poliwhirl	61	Water
106	Poliwrath	62	Water/Fighting
107	Abra	63	Psychic
108	Kadabra	64	Psychic
109	Alakazam	65	Psychic
110	Alakazam-Mega	65	Psychic
111	Machop	66	Fighting
112	Machoke	67	Fighting
113	Machamp	68	Fighting
114	Machamp-Gmax	68	Fighting
115	Bellsprout	69	Grass/Poison
116	Weepinbell	70	Grass/Poison
117	Victreebel	71	Grass/Poison
118	Victreebel-Mega	71	Grass/Poison
119	Tentacool	72	Water/Poison
120	Tentacruel	73	Water/Poison
121	Geodude	74	Rock/Ground
122	Geodude-Alola	74	Rock/Electric
123	Graveler	75	Rock/Ground
124	Graveler-Alola	75	Rock/Electric
125	Golem	76	Rock/Ground
126	Golem-Alola	76	Rock/Electric
127	Ponyta	77	Fire
128	Ponyta-Galar	77	Psychic
129	Rapidash	78	Fire
130	Rapidash-Galar	78	Psychic/Fairy
131	Slowpoke	79	Water/Psychic
132	Slowpoke-Galar	79	Psychic
133	Slowbro	80	Water/Psychic
134	Slowbro-Mega	80	Water/Psychic
135	Slowbro-Galar	80	Poison/Psychic
136	Magnemite	81	Electric/Steel
137	Magneton	82	Electric/Steel
138	Farfetch’d	83	Normal/Flying
139	Farfetch’d-Galar	83	Fighting
140	Doduo	84	Normal/Flying
141	Dodrio	85	Normal/Flying
142	Seel	86	Water
143	Dewgong	87	Water/Ice
144	Grimer	88	Poison
145	Grimer-Alola	88	Poison/Dark
146	Muk	89	Poison
147	Muk-Alola	89	Poison/Dark
148	Shellder	90	Water
149	Cloyster	91	Water/Ice
150	Gastly	92	Ghost/Poison
151	Haunter	93	Ghost/Poison
152	Gengar	94	Ghost/Poison
153	Gengar-Mega	94	Ghost/Poison
154	Gengar-Gmax	94	Ghost/Poison
155	Onix	95	Rock/Ground
156	Drowzee	96	Psychic
157	Hypno	97	Psychic
158	Krabby	98	Water
159	Kingler	99	Water
160	Kingler-Gmax	99	Water
161	Voltorb	100	Electric
162	Voltorb-Hisui	100	Electric/Grass
163	Electrode	101	Electric
164	Electrode-Hisui	101	Electric/Grass
165	Exeggcute	102	Grass/Psychic
166	Exeggutor	103	Grass/Psychic
167	Exeggutor-Alola	103	Grass/Dragon
168	Cubone	104	Ground
169	Marowak	105	Ground
170	Marowak-Alola	105	Fire/Ghost
171	Marowak-Alola-Totem	105	Fire/Ghost
172	Hitmonlee	106	Fighting
173	Hitmonchan	107	Fighting
174	Lickitung	108	Normal
175	Koffing	109	Poison
176	Weezing	110	Poison
177	Weezing-Galar	110	Poison/Fairy
178	Rhyhorn	111	Ground/Rock
179	Rhydon	112	Ground/Rock
180	Chansey	113	Normal
181	Tangela	114	Grass
182	Kangaskhan	115	Normal
183	Kangaskhan-Mega	115	Normal
184	Horsea	116	Water
185	Seadra	117	Water
186	Goldeen	118	Water
187	Seaking	119	Water
188	Staryu	120	Water
189	Starmie	121	Water/Psychic
190	Starmie-Mega	121	Water/Psychic
191	Mr. Mime	122	Psychic/Fairy
192	Mr. Mime-Galar	122	Ice/Psychic
193	Scyther	123	Bug/Flying
194	Jynx	124	Ice/Psychic
195	Electabuzz	125	Electric
196	Magmar	126	Fire
197	Pinsir	127	Bug
198	Pinsir-Mega	127	Bug/Flying
199	Tauros	128	Normal
200	Tauros-Paldea-Combat	128	Fighting
201	Tauros-Paldea-Blaze	128	Fighting/Fire
202	Tauros-Paldea-Aqua	128	Fighting/Water
203	Magikarp	129	Water
204	Gyarados	130	Water/Flying
205	Gyarados-Mega	130	Water/Dark
206	Lapras	131	Water/Ice
207	Lapras-Gmax	131	Water/Ice
208	Ditto	132	Normal
209	Eevee	133	Normal
210	Eevee-Starter	133	Normal
211	Eevee-Gmax	133	Normal
212	Vaporeon	134	Water
213	Jolteon	135	Electric
214	Flareon	136	Fire
215	Porygon	137	Normal
216	Omanyte	138	Rock/Water
217	Omastar	139	Rock/Water
218	Kabuto	140	Rock/Water
219	Kabutops	141	Rock/Water
220	Aerodactyl	142	Rock/Flying
221	Aerodactyl-Mega	142	Rock/Flying
222	Snorlax	143	Normal
223	Snorlax-Gmax	143	Normal
224	Articuno	144	Ice/Flying
225	Articuno-Galar	144	Psychic/Flying
226	Zapdos	145	Electric/Flying
227	Zapdos-Galar	145	Fighting/Flying
228	Moltres	146	Fire/Flying
229	Moltres-Galar	146	Dark/Flying
230	Dratini	147	Dragon
231	Dragonair	148	Dragon
232	Dragonite	149	Dragon/Flying
233	Dragonite-Mega	149	Dragon/Flying
234	Mewtwo	150	Psychic
235	Mewtwo-Mega-X	150	Psychic/Fighting
236	Mewtwo-Mega-Y	150	Psychic
237	Mew	151	Psychic
238	Chikorita	152	Grass
239	Bayleef	153	Grass
240	Meganium	154	Grass
241	Meganium-Mega	154	Grass/Fairy
242	Cyndaquil	155	Fire
243	Quilava	156	Fire
244	Typhlosion	157	Fire
245	Typhlosion-Hisui	157	Fire/Ghost
246	Totodile	158	Water
247	Croconaw	159	Water
248	Feraligatr	160	Water
249	Feraligatr-Mega	160	Water/Dragon
250	Sentret	161	Normal
251	Furret	162	Normal
252	Hoothoot	163	Normal/Flying
253	Noctowl	164	Normal/Flying
254	Ledyba	165	Bug/Flying
255	Ledian	166	Bug/Flying
256	Spinarak	167	Bug/Poison
257	Ariados	168	Bug/Poison
258	Crobat	169	Poison/Flying
259	Chinchou	170	Water/Electric
260	Lanturn	171	Water/Electric
261	Pichu	172	Electric
262	Pichu-Spiky-eared	172	Electric
263	Cleffa	173	Fairy
264	Igglybuff	174	Normal/Fairy
265	Togepi	175	Fairy
266	Togetic	176	Fairy/Flying
267	Natu	177	Psychic/Flying
268	Xatu	178	Psychic/Flying
269	Mareep	179	Electric
270	Flaaffy	180	Electric
271	Ampharos	181	Electric
272	Ampharos-Mega	181	Electric/Dragon
273	Bellossom	182	Grass
274	Marill	183	Water/Fairy
275	Azumarill	184	Water/Fairy
276	Sudowoodo	185	Rock
277	Politoed	186	Water
278	Hoppip	187	Grass/Flying
279	Skiploom	188	Grass/Flying
280	Jumpluff	189	Grass/Flying
281	Aipom	190	Normal
282	Sunkern	191	Grass
283	Sunflora	192	Grass
284	Yanma	193	Bug/Flying
285	Wooper	194	Water/Ground
286	Wooper-Paldea	194	Poison/Ground
287	Quagsire	195	Water/Ground
288	Espeon	196	Psychic
289	Umbreon	197	Dark
290	Murkrow	198	Dark/Flying
291	Slowking	199	Water/Psychic
292	Slowking-Galar	199	Poison/Psychic
293	Misdreavus	200	Ghost
294	Unown	201	Psychic
295	Wobbuffet	202	Psychic
296	Girafarig	203	Normal/Psychic
297	Pineco	204	Bug
298	Forretress	205	Bug/Steel
299	Dunsparce	206	Normal
300	Gligar	207	Ground/Flying
301	Steelix	208	Steel/Ground
302	Steelix-Mega	208	Steel/Ground
303	Snubbull	209	Fairy
304	Granbull	210	Fairy
305	Qwilfish	211	Water/Poison
306	Qwilfish-Hisui	211	Dark/Poison
307	Scizor	212	Bug/Steel
308	Scizor-Mega	212	Bug/Steel
309	Shuckle	213	Bug/Rock
310	Heracross	214	Bug/Fighting
311	Heracross-Mega	214	Bug/Fighting
312	Sneasel	215	Dark/Ice
313	Sneasel-Hisui	215	Fighting/Poison
314	Teddiursa	216	Normal
315	Ursaring	217	Normal
316	Slugma	218	Fire
317	Magcargo	219	Fire/Rock
318	Swinub	220	Ice/Ground
319	Piloswine	221	Ice/Ground
320	Corsola	222	Water/Rock
321	Corsola-Galar	222	Ghost
322	Remoraid	223	Water
323	Octillery	224	Water
324	Delibird	225	Ice/Flying
325	Mantine	226	Water/Flying
326	Skarmory	227	Steel/Flying
327	Skarmory-Mega	227	Steel/Flying
328	Houndour	228	Dark/Fire
329	Houndoom	229	Dark/Fire
330	Houndoom-Mega	229	Dark/Fire
331	Kingdra	230	Water/Dragon
332	Phanpy	231	Ground
333	Donphan	232	Ground
334	Porygon2	233	Normal
335	Stantler	234	Normal
336	Smeargle	235	Normal
337	Tyrogue	236	Fighting
338	Hitmontop	237	Fighting
339	Smoochum	238	Ice/Psychic
340	Elekid	239	Electric
341	Magby	240	Fire
342	Miltank	241	Normal
343	Blissey	242	Normal
344	Raikou	243	Electric
345	Entei	244	Fire
346	Suicune	245	Water
347	Larvitar	246	Rock/Ground
348	Pupitar	247	Rock/Ground
349	Tyranitar	248	Rock/Dark
350	Tyranitar-Mega	248	Rock/Dark
351	Lugia	249	Psychic/Flying
352	Ho-Oh	250	Fire/Flying
353	Celebi	251	Psychic/Grass
354	Treecko	252	Grass
355	Grovyle	253	Grass
356	Sceptile	254	Grass
357	Sceptile-Mega	254	Grass/Dragon
358	Torchic	255	Fire
359	Combusken	256	Fire/Fighting
360	Blaziken	257	Fire/Fighting
361	Blaziken-Mega	257	Fire/Fighting
362	Mudkip	258	Water
363	Marshtomp	259	Water/Ground
364	Swampert	260	Water/Ground
365	Swampert-Mega	260	Water/Ground
366	Poochyena	261	Dark
367	Mightyena	262	Dark
368	Zigzagoon	263	Normal
369	Zigzagoon-Galar	263	Dark/Normal
370	Linoone	264	Normal
371	Linoone-Galar	264	Dark/Normal
372	Wurmple	265	Bug
373	Silcoon	266	Bug
374	Beautifly	267	Bug/Flying
375	Cascoon	268	Bug
376	Dustox	269	Bug/Poison
377	Lotad	270	Water/Grass
378	Lombre	271	Water/Grass
379	Ludicolo	272	Water/Grass
380	Seedot	273	Grass
381	Nuzleaf	274	Grass/Dark
382	Shiftry	275	Grass/Dark
383	Taillow	276	Normal/Flying
384	Swellow	277	Normal/Flying
385	Wingull	278	Water/Flying
386	Pelipper	279	Water/Flying
387	Ralts	280	Psychic/Fairy
388	Kirlia	281	Psychic/Fairy
389	Gardevoir	282	Psychic/Fairy
390	Gardevoir-Mega	282	Psychic/Fairy
391	Surskit	283	Bug/Water
392	Masquerain	284	Bug/Flying
393	Shroomish	285	Grass
394	Breloom	286	Grass/Fighting
395	Slakoth	287	Normal
396	Vigoroth	288	Normal
397	Slaking	289	Normal
398	Nincada	290	Bug/Ground
399	Ninjask	291	Bug/Flying
400	Shedinja	292	Bug/Ghost
401	Whismur	293	Normal
402	Loudred	294	Normal
403	Exploud	295	Normal
404	Makuhita	296	Fighting
405	Hariyama	297	Fighting
406	Azurill	298	Normal/Fairy
407	Nosepass	299	Rock
408	Skitty	300	Normal
409	Delcatty	301	Normal
410	Sableye	302	Dark/Ghost
411	Sableye-Mega	302	Dark/Ghost
412	Mawile	303	Steel/Fairy
413	Mawile-Mega	303	Steel/Fairy
414	Aron	304	Steel/Rock
415	Lairon	305	Steel/Rock
416	Aggron	306	Steel/Rock
417	Aggron-Mega	306	Steel
418	Meditite	307	Fighting/Psychic
419	Medicham	308	Fighting/Psychic
420	Medicham-Mega	308	Fighting/Psychic
421	Electrike	309	Electric
422	Manectric	310	Electric
423	Manectric-Mega	310	Electric
424	Plusle	311	Electric
425	Minun	312	Electric
426	Volbeat	313	Bug
427	Illumise	314	Bug
428	Roselia	315	Grass/Poison
429	Gulpin	316	Poison
430	Swalot	317	Poison
431	Carvanha	318	Water/Dark
432	Sharpedo	319	Water/Dark
433	Sharpedo-Mega	319	Water/Dark
434	Wailmer	320	Water
435	Wailord	321	Water
436	Numel	322	Fire/Ground
437	Camerupt	323	Fire/Ground
438	Camerupt-Mega	323	Fire/Ground
439	Torkoal	324	Fire
440	Spoink	325	Psychic
441	Grumpig	326	Psychic
442	Spinda	327	Normal
443	Trapinch	328	Ground
444	Vibrava	329	Ground/Dragon
445	Flygon	330	Ground/Dragon
446	Cacnea	331	Grass
447	Cacturne	332	Grass/Dark
448	Swablu	333	Normal/Flying
449	Altaria	334	Dragon/Flying
450	Altaria-Mega	334	Dragon/Fairy
451	Zangoose	335	Normal
452	Seviper	336	Poison
453	Lunatone	337	Rock/Psychic
454	Solrock	338	Rock/Psychic
455	Barboach	339	Water/Ground
456	Whiscash	340	Water/Ground
457	Corphish	341	Water
458	Crawdaunt	342	Water/Dark
459	Baltoy	343	Ground/Psychic
460	Claydol	344	Ground/Psychic
461	Lileep	345	Rock/Grass
462	Cradily	346	Rock/Grass
463	Anorith	347	Rock/Bug
464	Armaldo	348	Rock/Bug
465	Feebas	349	Water
466	Milotic	350	Water
467	Castform	351	Normal
468	Castform-Sunny	351	Fire
469	Castform-Rainy	351	Water
470	Castform-Snowy	351	Ice
471	Kecleon	352	Normal
472	Shuppet	353	Ghost
473	Banette	354	Ghost
474	Banette-Mega	354	Ghost
475	Duskull	355	Ghost
476	Dusclops	356	Ghost
477	Tropius	357	Grass/Flying
478	Chimecho	358	Psychic
479	Chimecho-Mega	358	Psychic/Steel
480	Absol	359	Dark
481	Absol-Mega	359	Dark
482	Absol-Mega-Z	359	Dark/Ghost
483	Wynaut	360	Psychic
484	Snorunt	361	Ice
485	Glalie	362	Ice
486	Glalie-Mega	362	Ice
487	Spheal	363	Ice/Water
488	Sealeo	364	Ice/Water
489	Walrein	365	Ice/Water
490	Clamperl	366	Water
491	Huntail	367	Water
492	Gorebyss	368	Water
493	Relicanth	369	Water/Rock
494	Luvdisc	370	Water
495	Bagon	371	Dragon
496	Shelgon	372	Dragon
497	Salamence	373	Dragon/Flying
498	Salamence-Mega	373	Dragon/Flying
499	Beldum	374	Steel/Psychic
500	Metang	375	Steel/Psychic
501	Metagross	376	Steel/Psychic
502	Metagross-Mega	376	Steel/Psychic
503	Regirock	377	Rock
504	Regice	378	Ice
505	Registeel	379	Steel
506	Latias	380	Dragon/Psychic
507	Latias-Mega	380	Dragon/Psychic
508	Latios	381	Dragon/Psychic
509	Latios-Mega	381	Dragon/Psychic
510	Kyogre	382	Water
511	Kyogre-Primal	382	Water
512	Groudon	383	Ground
513	Groudon-Primal	383	Ground/Fire
514	Rayquaza	384	Dragon/Flying
515	Rayquaza-Mega	384	Dragon/Flying
516	Jirachi	385	Steel/Psychic
517	Deoxys	386	Psychic
518	Deoxys-Attack	386	Psychic
519	Deoxys-Defense	386	Psychic
520	Deoxys-Speed	386	Psychic
521	Turtwig	387	Grass
522	Grotle	388	Grass
523	Torterra	389	Grass/Ground
524	Chimchar	390	Fire
525	Monferno	391	Fire/Fighting
526	Infernape	392	Fire/Fighting
527	Piplup	393	Water
528	Prinplup	394	Water
529	Empoleon	395	Water/Steel
530	Starly	396	Normal/Flying
531	Staravia	397	Normal/Flying
532	Staraptor	398	Normal/Flying
533	Staraptor-Mega	398	Fighting/Flying
534	Bidoof	399	Normal
535	Bibarel	400	Normal/Water
536	Kricketot	401	Bug
537	Kricketune	402	Bug
538	Shinx	403	Electric
539	Luxio	404	Electric
540	Luxray	405	Electric
541	Budew	406	Grass/Poison
542	Roserade	407	Grass/Poison
543	Cranidos	408	Rock
544	Rampardos	409	Rock
545	Shieldon	410	Rock/Steel
546	Bastiodon	411	Rock/Steel
547	Burmy	412	Bug
548	Burmy-Sandy	412	Bug
549	Burmy-Trash	412	Bug
550	Wormadam	413	Bug/Grass
551	Wormadam-Sandy	413	Bug/Ground
552	Wormadam-Trash	413	Bug/Steel
553	Mothim	414	Bug/Flying
554	Combee	415	Bug/Flying
555	Vespiquen	416	Bug/Flying
556	Pachirisu	417	Electric
557	Buizel	418	Water
558	Floatzel	419	Water
559	Cherubi	420	Grass
560	Cherrim	421	Grass
561	Cherrim-Sunshine	421	Grass
562	Shellos	422	Water
563	Shellos-East	422	Water
564	Gastrodon	423	Water/Ground
565	Gastrodon-East	423	Water/Ground
566	Ambipom	424	Normal
567	Drifloon	425	Ghost/Flying
568	Drifblim	426	Ghost/Flying
569	Buneary	427	Normal
570	Lopunny	428	Normal
571	Lopunny-Mega	428	Normal/Fighting
572	Mismagius	429	Ghost
573	Honchkrow	430	Dark/Flying
574	Glameow	431	Normal
575	Purugly	432	Normal
576	Chingling	433	Psychic
577	Stunky	434	Poison/Dark
578	Skuntank	435	Poison/Dark
579	Bronzor	436	Steel/Psychic
580	Bronzong	437	Steel/Psychic
581	Bonsly	438	Rock
582	Mime Jr.	439	Psychic/Fairy
583	Happiny	440	Normal
584	Chatot	441	Normal/Flying
585	Spiritomb	442	Ghost/Dark
586	Gible	443	Dragon/Ground
587	Gabite	444	Dragon/Ground
588	Garchomp	445	Dragon/Ground
589	Garchomp-Mega	445	Dragon/Ground
590	Garchomp-Mega-Z	445	Dragon
591	Munchlax	446	Normal
592	Riolu	447	Fighting
593	Lucario	448	Fighting/Steel
594	Lucario-Mega	448	Fighting/Steel
595	Lucario-Mega-Z	448	Fighting/Steel
596	Hippopotas	449	Ground
597	Hippowdon	450	Ground
598	Skorupi	451	Poison/Bug
599	Drapion	452	Poison/Dark
600	Croagunk	453	Poison/Fighting
601	Toxicroak	454	Poison/Fighting
602	Carnivine	455	Grass
603	Finneon	456	Water
604	Lumineon	457	Water
605	Mantyke	458	Water/Flying
606	Snover	459	Grass/Ice
607	Abomasnow	460	Grass/Ice
608	Abomasnow-Mega	460	Grass/Ice
609	Weavile	461	Dark/Ice
610	Magnezone	462	Electric/Steel
611	Lickilicky	463	Normal
612	Rhyperior	464	Ground/Rock
613	Tangrowth	465	Grass
614	Electivire	466	Electric
615	Magmortar	467	Fire
616	Togekiss	468	Fairy/Flying
617	Yanmega	469	Bug/Flying
618	Leafeon	470	Grass
619	Glaceon	471	Ice
620	Gliscor	472	Ground/Flying
621	Mamoswine	473	Ice/Ground
622	Porygon-Z	474	Normal
623	Gallade	475	Psychic/Fighting
624	Gallade-Mega	475	Psychic/Fighting
625	Probopass	476	Rock/Steel
626	Dusknoir	477	Ghost
627	Froslass	478	Ice/Ghost
628	Froslass-Mega	478	Ice/Ghost
629	Rotom	479	Electric/Ghost
630	Rotom-Heat	479	Electric/Fire
631	Rotom-Wash	479	Electric/Water
632	Rotom-Frost	479	Electric/Ice
633	Rotom-Fan	479	Electric/Flying
634	Rotom-Mow	479	Electric/Grass
635	Uxie	480	Psychic
636	Mesprit	481	Psychic
637	Azelf	482	Psychic
638	Dialga	483	Steel/Dragon
639	Dialga-Origin	483	Steel/Dragon
640	Palkia	484	Water/Dragon
641	Palkia-Origin	484	Water/Dragon
642	Heatran	485	Fire/Steel
643	Heatran-Mega	485	Fire/Steel
644	Regigigas	486	Normal
645	Giratina	487	Ghost/Dragon
646	Giratina-Origin	487	Ghost/Dragon
647	Cresselia	488	Psychic
648	Phione	489	Water
649	Manaphy	490	Water
650	Darkrai	491	Dark
651	Darkrai-Mega	491	Dark
652	Shaymin	492	Grass
653	Shaymin-Sky	492	Grass/Flying
654	Arceus	493	Normal
655	Arceus-Bug	493	Bug
656	Arceus-Dark	493	Dark
657	Arceus-Dragon	493	Dragon
658	Arceus-Electric	493	Electric
659	Arceus-Fairy	493	Fairy
660	Arceus-Fighting	493	Fighting
661	Arceus-Fire	493	Fire
662	Arceus-Flying	493	Flying
663	Arceus-Ghost	493	Ghost
664	Arceus-Grass	493	Grass
665	Arceus-Ground	493	Ground
666	Arceus-Ice	493	Ice
667	Arceus-Poison	493	Poison
668	Arceus-Psychic	493	Psychic
669	Arceus-Rock	493	Rock
670	Arceus-Steel	493	Steel
671	Arceus-Water	493	Water
672	Victini	494	Psychic/Fire
673	Snivy	495	Grass
674	Servine	496	Grass
675	Serperior	497	Grass
676	Tepig	498	Fire
677	Pignite	499	Fire/Fighting
678	Emboar	500	Fire/Fighting
679	Emboar-Mega	500	Fire/Fighting
680	Oshawott	501	Water
681	Dewott	502	Water
682	Samurott	503	Water
683	Samurott-Hisui	503	Water/Dark
684	Patrat	504	Normal
685	Watchog	505	Normal
686	Lillipup	506	Normal
687	Herdier	507	Normal
688	Stoutland	508	Normal
689	Purrloin	509	Dark
690	Liepard	510	Dark
691	Pansage	511	Grass
692	Simisage	512	Grass
693	Pansear	513	Fire
694	Simisear	514	Fire
695	Panpour	515	Water
696	Simipour	516	Water
697	Munna	517	Psychic
698	Musharna	518	Psychic
699	Pidove	519	Normal/Flying
700	Tranquill	520	Normal/Flying
701	Unfezant	521	Normal/Flying
702	Blitzle	522	Electric
703	Zebstrika	523	Electric
704	Roggenrola	524	Rock
705	Boldore	525	Rock
706	Gigalith	526	Rock
707	Woobat	527	Psychic/Flying
708	Swoobat	528	Psychic/Flying
709	Drilbur	529	Ground
710	Excadrill	530	Ground/Steel
711	Excadrill-Mega	530	Ground/Steel
712	Audino	531	Normal
713	Audino-Mega	531	Normal/Fairy
714	Timburr	532	Fighting
715	Gurdurr	533	Fighting
716	Conkeldurr	534	Fighting
717	Tympole	535	Water
718	Palpitoad	536	Water/Ground
719	Seismitoad	537	Water/Ground
720	Throh	538	Fighting
721	Sawk	539	Fighting
722	Sewaddle	540	Bug/Grass
723	Swadloon	541	Bug/Grass
724	Leavanny	542	Bug/Grass
725	Venipede	543	Bug/Poison
726	Whirlipede	544	Bug/Poison
727	Scolipede	545	Bug/Poison
728	Scolipede-Mega	545	Bug/Poison
729	Cottonee	546	Grass/Fairy
730	Whimsicott	547	Grass/Fairy
731	Petilil	548	Grass
732	Lilligant	549	Grass
733	Lilligant-Hisui	549	Grass/Fighting
734	Basculin	550	Water
735	Basculin-Blue-Striped	550	Water
736	Basculin-White-Striped	550	Water
737	Sandile	551	Ground/Dark
738	Krokorok	552	Ground/Dark
739	Krookodile	553	Ground/Dark
740	Darumaka	554	Fire
741	Darumaka-Galar	554	Ice
742	Darmanitan	555	Fire
743	Darmanitan-Zen	555	Fire/Psychic
744	Darmanitan-Galar	555	Ice
745	Darmanitan-Galar-Zen	555	Ice/Fire
746	Maractus	556	Grass
747	Dwebble	557	Bug/Rock
748	Crustle	558	Bug/Rock
749	Scraggy	559	Dark/Fighting
750	Scrafty	560	Dark/Fighting
751	Scrafty-Mega	560	Dark/Fighting
752	Sigilyph	561	Psychic/Flying
753	Yamask	562	Ghost
754	Yamask-Galar	562	Ground/Ghost
755	Cofagrigus	563	Ghost
756	Tirtouga	564	Water/Rock
757	Carracosta	565	Water/Rock
758	Archen	566	Rock/Flying
759	Archeops	567	Rock/Flying
760	Trubbish	568	Poison
761	Garbodor	569	Poison
762	Garbodor-Gmax	569	Poison
763	Zorua	570	Dark
764	Zorua-Hisui	570	Normal/Ghost
765	Zoroark	571	Dark
766	Zoroark-Hisui	571	Normal/Ghost
767	Minccino	572	Normal
768	Cinccino	573	Normal
769	Gothita	574	Psychic
770	Gothorita	575	Psychic
771	Gothitelle	576	Psychic
772	Solosis	577	Psychic
773	Duosion	578	Psychic
774	Reuniclus	579	Psychic
775	Ducklett	580	Water/Flying
776	Swanna	581	Water/Flying
777	Vanillite	582	Ice
778	Vanillish	583	Ice
779	Vanilluxe	584	Ice
780	Deerling	585	Normal/Grass
781	Deerling-Summer	585	Normal/Grass
782	Deerling-Autumn	585	Normal/Grass
783	Deerling-Winter	585	Normal/Grass
784	Sawsbuck	586	Normal/Grass
785	Emolga	587	Electric/Flying
786	Karrablast	588	Bug
787	Escavalier	589	Bug/Steel
788	Foongus	590	Grass/Poison
789	Amoonguss	591	Grass/Poison
790	Frillish	592	Water/Ghost
791	Jellicent	593	Water/Ghost
792	Alomomola	594	Water
793	Joltik	595	Bug/Electric
794	Galvantula	596	Bug/Electric
795	Ferroseed	597	Grass/Steel
796	Ferrothorn	598	Grass/Steel
797	Klink	599	Steel
798	Klang	600	Steel
799	Klinklang	601	Steel
800	Tynamo	602	Electric
801	Eelektrik	603	Electric
802	Eelektross	604	Electric
803	Eelektross-Mega	604	Electric
804	Elgyem	605	Psychic
805	Beheeyem	606	Psychic
806	Litwick	607	Ghost/Fire
807	Lampent	608	Ghost/Fire
808	Chandelure	609	Ghost/Fire
809	Chandelure-Mega	609	Ghost/Fire
810	Axew	610	Dragon
811	Fraxure	611	Dragon
812	Haxorus	612	Dragon
813	Cubchoo	613	Ice
814	Beartic	614	Ice
815	Cryogonal	615	Ice
816	Shelmet	616	Bug
817	Accelgor	617	Bug
818	Stunfisk	618	Ground/Electric
819	Stunfisk-Galar	618	Ground/Steel
820	Mienfoo	619	Fighting
821	Mienshao	620	Fighting
822	Druddigon	621	Dragon
823	Golett	622	Ground/Ghost
824	Golurk	623	Ground/Ghost
825	Golurk-Mega	623	Ground/Ghost
826	Pawniard	624	Dark/Steel
827	Bisharp	625	Dark/Steel
828	Bouffalant	626	Normal
829	Rufflet	627	Normal/Flying
830	Braviary	628	Normal/Flying
831	Braviary-Hisui	628	Psychic/Flying
832	Vullaby	629	Dark/Flying
833	Mandibuzz	630	Dark/Flying
834	Heatmor	631	Fire
835	Durant	632	Bug/Steel
836	Deino	633	Dark/Dragon
837	Zweilous	634	Dark/Dragon
838	Hydreigon	635	Dark/Dragon
839	Larvesta	636	Bug/Fire
840	Volcarona	637	Bug/Fire
841	Cobalion	638	Steel/Fighting
842	Terrakion	639	Rock/Fighting
843	Virizion	640	Grass/Fighting
844	Tornadus	641	Flying
845	Tornadus-Therian	641	Flying
846	Thundurus	642	Electric/Flying
847	Thundurus-Therian	642	Electric/Flying
848	Reshiram	643	Dragon/Fire
849	Zekrom	644	Dragon/Electric
850	Landorus	645	Ground/Flying
851	Landorus-Therian	645	Ground/Flying
852	Kyurem	646	Dragon/Ice
853	Kyurem-Black	646	Dragon/Ice
854	Kyurem-White	646	Dragon/Ice
855	Keldeo	647	Water/Fighting
856	Keldeo-Resolute	647	Water/Fighting
857	Meloetta	648	Normal/Psychic
858	Meloetta-Pirouette	648	Normal/Fighting
859	Genesect	649	Bug/Steel
860	Genesect-Douse	649	Bug/Steel
861	Genesect-Shock	649	Bug/Steel
862	Genesect-Burn	649	Bug/Steel
863	Genesect-Chill	649	Bug/Steel
864	Chespin	650	Grass
865	Quilladin	651	Grass
866	Chesnaught	652	Grass/Fighting
867	Chesnaught-Mega	652	Grass/Fighting
868	Fennekin	653	Fire
869	Braixen	654	Fire
870	Delphox	655	Fire/Psychic
871	Delphox-Mega	655	Fire/Psychic
872	Froakie	656	Water
873	Frogadier	657	Water
874	Greninja	658	Water/Dark
875	Greninja-Bond	658	Water/Dark
876	Greninja-Ash	658	Water/Dark
877	Greninja-Mega	658	Water/Dark
878	Bunnelby	659	Normal
879	Diggersby	660	Normal/Ground
880	Fletchling	661	Normal/Flying
881	Fletchinder	662	Fire/Flying
882	Talonflame	663	Fire/Flying
883	Scatterbug	664	Bug
884	Spewpa	665	Bug
885	Vivillon	666	Bug/Flying
886	Vivillon-Icy Snow	666	Bug/Flying
887	Vivillon-Polar	666	Bug/Flying
888	Vivillon-Tundra	666	Bug/Flying
889	Vivillon-Continental	666	Bug/Flying
890	Vivillon-Garden	666	Bug/Flying
891	Vivillon-Elegant	666	Bug/Flying
892	Vivillon-Modern	666	Bug/Flying
893	Vivillon-Marine	666	Bug/Flying
894	Vivillon-Archipelago	666	Bug/Flying
895	Vivillon-High Plains	666	Bug/Flying
896	Vivillon-Sandstorm	666	Bug/Flying
897	Vivillon-River	666	Bug/Flying
898	Vivillon-Monsoon	666	Bug/Flying
899	Vivillon-Savanna	666	Bug/Flying
900	Vivillon-Sun	666	Bug/Flying
901	Vivillon-Ocean	666	Bug/Flying
902	Vivillon-Jungle	666	Bug/Flying
903	Vivillon-Fancy	666	Bug/Flying
904	Vivillon-Pokeball	666	Bug/Flying
905	Litleo	667	Fire/Normal
906	Pyroar	668	Fire/Normal
907	Pyroar-Mega	668	Fire/Normal
908	Flabébé	669	Fairy
909	Floette	670	Fairy
910	Floette-Eternal	670	Fairy
911	Floette-Mega	670	Fairy
912	Florges	671	Fairy
913	Skiddo	672	Grass
914	Gogoat	673	Grass
915	Pancham	674	Fighting
916	Pangoro	675	Fighting/Dark
917	Furfrou	676	Normal
918	Espurr	677	Psychic
919	Meowstic	678	Psychic
920	Meowstic-F	678	Psychic
921	Meowstic-M-Mega	678	Psychic
922	Meowstic-F-Mega	678	Psychic
923	Honedge	679	Steel/Ghost
924	Doublade	680	Steel/Ghost
925	Aegislash	681	Steel/Ghost
926	Aegislash-Blade	681	Steel/Ghost
927	Spritzee	682	Fairy
928	Aromatisse	683	Fairy
929	Swirlix	684	Fairy
930	Slurpuff	685	Fairy
931	Inkay	686	Dark/Psychic
932	Malamar	687	Dark/Psychic
933	Malamar-Mega	687	Dark/Psychic
934	Binacle	688	Rock/Water
935	Barbaracle	689	Rock/Water
936	Barbaracle-Mega	689	Rock/Fighting
937	Skrelp	690	Poison/Water
938	Dragalge	691	Poison/Dragon
939	Dragalge-Mega	691	Poison/Dragon
940	Clauncher	692	Water
941	Clawitzer	693	Water
942	Helioptile	694	Electric/Normal
943	Heliolisk	695	Electric/Normal
944	Tyrunt	696	Rock/Dragon
945	Tyrantrum	697	Rock/Dragon
946	Amaura	698	Rock/Ice
947	Aurorus	699	Rock/Ice
948	Sylveon	700	Fairy
949	Hawlucha	701	Fighting/Flying
950	Hawlucha-Mega	701	Fighting/Flying
951	Dedenne	702	Electric/Fairy
952	Carbink	703	Rock/Fairy
953	Goomy	704	Dragon
954	Sliggoo	705	Dragon
955	Sliggoo-Hisui	705	Steel/Dragon
956	Goodra	706	Dragon
957	Goodra-Hisui	706	Steel/Dragon
958	Klefki	707	Steel/Fairy
959	Phantump	708	Ghost/Grass
960	Trevenant	709	Ghost/Grass
961	Pumpkaboo	710	Ghost/Grass
962	Pumpkaboo-Small	710	Ghost/Grass
963	Pumpkaboo-Large	710	Ghost/Grass
964	Pumpkaboo-Super	710	Ghost/Grass
965	Gourgeist	711	Ghost/Grass
966	Gourgeist-Small	711	Ghost/Grass
967	Gourgeist-Large	711	Ghost/Grass
968	Gourgeist-Super	711	Ghost/Grass
969	Bergmite	712	Ice
970	Avalugg	713	Ice
971	Avalugg-Hisui	713	Ice/Rock
972	Noibat	714	Flying/Dragon
973	Noivern	715	Flying/Dragon
974	Xerneas	716	Fairy
975	Xerneas-Neutral	716	Fairy
976	Yveltal	717	Dark/Flying
977	Zygarde	718	Dragon/Ground
978	Zygarde-10%	718	Dragon/Ground
979	Zygarde-Complete	718	Dragon/Ground
980	Zygarde-Mega	718	Dragon/Ground
981	Diancie	719	Rock/Fairy
982	Diancie-Mega	719	Rock/Fairy
983	Hoopa	720	Psychic/Ghost
984	Hoopa-Unbound	720	Psychic/Dark
985	Volcanion	721	Fire/Water
986	Rowlet	722	Grass/Flying
987	Dartrix	723	Grass/Flying
988	Decidueye	724	Grass/Ghost
989	Decidueye-Hisui	724	Grass/Fighting
990	Litten	725	Fire
991	Torracat	726	Fire
992	Incineroar	727	Fire/Dark
993	Popplio	728	Water
994	Brionne	729	Water
995	Primarina	730	Water/Fairy
996	Pikipek	731	Normal/Flying
997	Trumbeak	732	Normal/Flying
998	Toucannon	733	Normal/Flying
999	Yungoos	734	Normal
1000	Gumshoos	735	Normal
1001	Gumshoos-Totem	735	Normal
1002	Grubbin	736	Bug
1003	Charjabug	737	Bug/Electric
1004	Vikavolt	738	Bug/Electric
1005	Vikavolt-Totem	738	Bug/Electric
1006	Crabrawler	739	Fighting
1007	Crabominable	740	Fighting/Ice
1008	Crabominable-Mega	740	Fighting/Ice
1009	Oricorio	741	Fire/Flying
1010	Oricorio-Pom-Pom	741	Electric/Flying
1011	Oricorio-Pa'u	741	Psychic/Flying
1012	Oricorio-Sensu	741	Ghost/Flying
1013	Cutiefly	742	Bug/Fairy
1014	Ribombee	743	Bug/Fairy
1015	Ribombee-Totem	743	Bug/Fairy
1016	Rockruff	744	Rock
1017	Rockruff-Dusk	744	Rock
1018	Lycanroc	745	Rock
1019	Lycanroc-Midnight	745	Rock
1020	Lycanroc-Dusk	745	Rock
1021	Wishiwashi	746	Water
1022	Wishiwashi-School	746	Water
1023	Mareanie	747	Poison/Water
1024	Toxapex	748	Poison/Water
1025	Mudbray	749	Ground
1026	Mudsdale	750	Ground
1027	Dewpider	751	Water/Bug
1028	Araquanid	752	Water/Bug
1029	Araquanid-Totem	752	Water/Bug
1030	Fomantis	753	Grass
1031	Lurantis	754	Grass
1032	Lurantis-Totem	754	Grass
1033	Morelull	755	Grass/Fairy
1034	Shiinotic	756	Grass/Fairy
1035	Salandit	757	Poison/Fire
1036	Salazzle	758	Poison/Fire
1037	Salazzle-Totem	758	Poison/Fire
1038	Stufful	759	Normal/Fighting
1039	Bewear	760	Normal/Fighting
1040	Bounsweet	761	Grass
1041	Steenee	762	Grass
1042	Tsareena	763	Grass
1043	Comfey	764	Fairy
1044	Oranguru	765	Normal/Psychic
1045	Passimian	766	Fighting
1046	Wimpod	767	Bug/Water
1047	Golisopod	768	Bug/Water
1048	Golisopod-Mega	768	Bug/Steel
1049	Sandygast	769	Ghost/Ground
1050	Palossand	770	Ghost/Ground
1051	Pyukumuku	771	Water
1052	Type: Null	772	Normal
1053	Silvally	773	Normal
1054	Silvally-Bug	773	Bug
1055	Silvally-Dark	773	Dark
1056	Silvally-Dragon	773	Dragon
1057	Silvally-Electric	773	Electric
1058	Silvally-Fairy	773	Fairy
1059	Silvally-Fighting	773	Fighting
1060	Silvally-Fire	773	Fire
1061	Silvally-Flying	773	Flying
1062	Silvally-Ghost	773	Ghost
1063	Silvally-Grass	773	Grass
1064	Silvally-Ground	773	Ground
1065	Silvally-Ice	773	Ice
1066	Silvally-Poison	773	Poison
1067	Silvally-Psychic	773	Psychic
1068	Silvally-Rock	773	Rock
1069	Silvally-Steel	773	Steel
1070	Silvally-Water	773	Water
1071	Minior	774	Rock/Flying
1072	Minior-Orange	774	Rock/Flying
1073	Minior-Yellow	774	Rock/Flying
1074	Minior-Green	774	Rock/Flying
1075	Minior-Blue	774	Rock/Flying
1076	Minior-Indigo	774	Rock/Flying
1077	Minior-Violet	774	Rock/Flying
1078	Minior-Meteor	774	Rock/Flying
1079	Komala	775	Normal
1080	Turtonator	776	Fire/Dragon
1081	Togedemaru	777	Electric/Steel
1082	Togedemaru-Totem	777	Electric/Steel
1083	Mimikyu	778	Ghost/Fairy
1084	Mimikyu-Busted	778	Ghost/Fairy
1085	Mimikyu-Totem	778	Ghost/Fairy
1086	Mimikyu-Busted-Totem	778	Ghost/Fairy
1087	Bruxish	779	Water/Psychic
1088	Drampa	780	Normal/Dragon
1089	Drampa-Mega	780	Normal/Dragon
1090	Dhelmise	781	Ghost/Grass
1091	Jangmo-o	782	Dragon
1092	Hakamo-o	783	Dragon/Fighting
1093	Kommo-o	784	Dragon/Fighting
1094	Kommo-o-Totem	784	Dragon/Fighting
1095	Tapu Koko	785	Electric/Fairy
1096	Tapu Lele	786	Psychic/Fairy
1097	Tapu Bulu	787	Grass/Fairy
1098	Tapu Fini	788	Water/Fairy
1099	Cosmog	789	Psychic
1100	Cosmoem	790	Psychic
1101	Solgaleo	791	Psychic/Steel
1102	Lunala	792	Psychic/Ghost
1103	Nihilego	793	Rock/Poison
1104	Buzzwole	794	Bug/Fighting
1105	Pheromosa	795	Bug/Fighting
1106	Xurkitree	796	Electric
1107	Celesteela	797	Steel/Flying
1108	Kartana	798	Grass/Steel
1109	Guzzlord	799	Dark/Dragon
1110	Necrozma	800	Psychic
1111	Necrozma-Dusk-Mane	800	Psychic/Steel
1112	Necrozma-Dawn-Wings	800	Psychic/Ghost
1113	Necrozma-Ultra	800	Psychic/Dragon
1114	Magearna	801	Steel/Fairy
1115	Magearna-Original	801	Steel/Fairy
1116	Magearna-Mega	801	Steel/Fairy
1117	Magearna-Original-Mega	801	Steel/Fairy
1118	Marshadow	802	Fighting/Ghost
1119	Poipole	803	Poison
1120	Naganadel	804	Poison/Dragon
1121	Stakataka	805	Rock/Steel
1122	Blacephalon	806	Fire/Ghost
1123	Zeraora	807	Electric
1124	Zeraora-Mega	807	Electric
1125	Meltan	808	Steel
1126	Melmetal	809	Steel
1127	Melmetal-Gmax	809	Steel
1128	Grookey	810	Grass
1129	Thwackey	811	Grass
1130	Rillaboom	812	Grass
1131	Rillaboom-Gmax	812	Grass
1132	Scorbunny	813	Fire
1133	Raboot	814	Fire
1134	Cinderace	815	Fire
1135	Cinderace-Gmax	815	Fire
1136	Sobble	816	Water
1137	Drizzile	817	Water
1138	Inteleon	818	Water
1139	Inteleon-Gmax	818	Water
1140	Skwovet	819	Normal
1141	Greedent	820	Normal
1142	Rookidee	821	Flying
1143	Corvisquire	822	Flying
1144	Corviknight	823	Flying/Steel
1145	Corviknight-Gmax	823	Flying/Steel
1146	Blipbug	824	Bug
1147	Dottler	825	Bug/Psychic
1148	Orbeetle	826	Bug/Psychic
1149	Orbeetle-Gmax	826	Bug/Psychic
1150	Nickit	827	Dark
1151	Thievul	828	Dark
1152	Gossifleur	829	Grass
1153	Eldegoss	830	Grass
1154	Wooloo	831	Normal
1155	Dubwool	832	Normal
1156	Chewtle	833	Water
1157	Drednaw	834	Water/Rock
1158	Drednaw-Gmax	834	Water/Rock
1159	Yamper	835	Electric
1160	Boltund	836	Electric
1161	Rolycoly	837	Rock
1162	Carkol	838	Rock/Fire
1163	Coalossal	839	Rock/Fire
1164	Coalossal-Gmax	839	Rock/Fire
1165	Applin	840	Grass/Dragon
1166	Flapple	841	Grass/Dragon
1167	Flapple-Gmax	841	Grass/Dragon
1168	Appletun	842	Grass/Dragon
1169	Appletun-Gmax	842	Grass/Dragon
1170	Silicobra	843	Ground
1171	Sandaconda	844	Ground
1172	Sandaconda-Gmax	844	Ground
1173	Cramorant	845	Flying/Water
1174	Cramorant-Gulping	845	Flying/Water
1175	Cramorant-Gorging	845	Flying/Water
1176	Arrokuda	846	Water
1177	Barraskewda	847	Water
1178	Toxel	848	Electric/Poison
1179	Toxtricity	849	Electric/Poison
1180	Toxtricity-Low-Key	849	Electric/Poison
1181	Toxtricity-Gmax	849	Electric/Poison
1182	Toxtricity-Low-Key-Gmax	849	Electric/Poison
1183	Sizzlipede	850	Fire/Bug
1184	Centiskorch	851	Fire/Bug
1185	Centiskorch-Gmax	851	Fire/Bug
1186	Clobbopus	852	Fighting
1187	Grapploct	853	Fighting
1188	Sinistea	854	Ghost
1189	Sinistea-Antique	854	Ghost
1190	Polteageist	855	Ghost
1191	Polteageist-Antique	855	Ghost
1192	Hatenna	856	Psychic
1193	Hattrem	857	Psychic
1194	Hatterene	858	Psychic/Fairy
1195	Hatterene-Gmax	858	Psychic/Fairy
1196	Impidimp	859	Dark/Fairy
1197	Morgrem	860	Dark/Fairy
1198	Grimmsnarl	861	Dark/Fairy
1199	Grimmsnarl-Gmax	861	Dark/Fairy
1200	Obstagoon	862	Dark/Normal
1201	Perrserker	863	Steel
1202	Cursola	864	Ghost
1203	Sirfetch’d	865	Fighting
1204	Mr. Rime	866	Ice/Psychic
1205	Runerigus	867	Ground/Ghost
1206	Milcery	868	Fairy
1207	Alcremie	869	Fairy
1208	Alcremie-Ruby-Cream	869	Fairy
1209	Alcremie-Matcha-Cream	869	Fairy
1210	Alcremie-Mint-Cream	869	Fairy
1211	Alcremie-Lemon-Cream	869	Fairy
1212	Alcremie-Ruby-Swirl	869	Fairy
1213	Alcremie-Caramel-Swirl	869	Fairy
1214	Alcremie-Rainbow-Swirl	869	Fairy
1215	Alcremie-Gmax	869	Fairy
1216	Falinks	870	Fighting
1217	Falinks-Mega	870	Fighting
1218	Pincurchin	871	Electric
1219	Snom	872	Ice/Bug
1220	Frosmoth	873	Ice/Bug
1221	Stonjourner	874	Rock
1222	Eiscue	875	Ice
1223	Eiscue-Noice	875	Ice
1224	Indeedee	876	Psychic/Normal
1225	Indeedee-F	876	Psychic/Normal
1226	Morpeko	877	Electric/Dark
1227	Morpeko-Hangry	877	Electric/Dark
1228	Cufant	878	Steel
1229	Copperajah	879	Steel
1230	Copperajah-Gmax	879	Steel
1231	Dracozolt	880	Electric/Dragon
1232	Arctozolt	881	Electric/Ice
1233	Dracovish	882	Water/Dragon
1234	Arctovish	883	Water/Ice
1235	Duraludon	884	Steel/Dragon
1236	Duraludon-Gmax	884	Steel/Dragon
1237	Dreepy	885	Dragon/Ghost
1238	Drakloak	886	Dragon/Ghost
1239	Dragapult	887	Dragon/Ghost
1240	Zacian	888	Fairy
1241	Zacian-Crowned	888	Fairy/Steel
1242	Zamazenta	889	Fighting
1243	Zamazenta-Crowned	889	Fighting/Steel
1244	Eternatus	890	Poison/Dragon
1245	Eternatus-Eternamax	890	Poison/Dragon
1246	Kubfu	891	Fighting
1247	Urshifu	892	Fighting/Dark
1248	Urshifu-Rapid-Strike	892	Fighting/Water
1249	Urshifu-Gmax	892	Fighting/Dark
1250	Urshifu-Rapid-Strike-Gmax	892	Fighting/Water
1251	Zarude	893	Dark/Grass
1252	Zarude-Dada	893	Dark/Grass
1253	Regieleki	894	Electric
1254	Regidrago	895	Dragon
1255	Glastrier	896	Ice
1256	Spectrier	897	Ghost
1257	Calyrex	898	Psychic/Grass
1258	Calyrex-Ice	898	Psychic/Ice
1259	Calyrex-Shadow	898	Psychic/Ghost
1260	Wyrdeer	899	Normal/Psychic
1261	Kleavor	900	Bug/Rock
1262	Ursaluna	901	Ground/Normal
1263	Ursaluna-Bloodmoon	901	Ground/Normal
1264	Basculegion	902	Water/Ghost
1265	Basculegion-F	902	Water/Ghost
1266	Sneasler	903	Fighting/Poison
1267	Overqwil	904	Dark/Poison
1268	Enamorus	905	Fairy/Flying
1269	Enamorus-Therian	905	Fairy/Flying
1270	Sprigatito	906	Grass
1271	Floragato	907	Grass
1272	Meowscarada	908	Grass/Dark
1273	Fuecoco	909	Fire
1274	Crocalor	910	Fire
1275	Skeledirge	911	Fire/Ghost
1276	Quaxly	912	Water
1277	Quaxwell	913	Water
1278	Quaquaval	914	Water/Fighting
1279	Lechonk	915	Normal
1280	Oinkologne	916	Normal
1281	Oinkologne-F	916	Normal
1282	Tarountula	917	Bug
1283	Spidops	918	Bug
1284	Nymble	919	Bug
1285	Lokix	920	Bug/Dark
1286	Pawmi	921	Electric
1287	Pawmo	922	Electric/Fighting
1288	Pawmot	923	Electric/Fighting
1289	Tandemaus	924	Normal
1290	Maushold	925	Normal
1291	Maushold-Four	925	Normal
1292	Fidough	926	Fairy
1293	Dachsbun	927	Fairy
1294	Smoliv	928	Grass/Normal
1295	Dolliv	929	Grass/Normal
1296	Arboliva	930	Grass/Normal
1297	Squawkabilly	931	Normal/Flying
1298	Squawkabilly-Blue	931	Normal/Flying
1299	Squawkabilly-Yellow	931	Normal/Flying
1300	Squawkabilly-White	931	Normal/Flying
1301	Nacli	932	Rock
1302	Naclstack	933	Rock
1303	Garganacl	934	Rock
1304	Charcadet	935	Fire
1305	Armarouge	936	Fire/Psychic
1306	Ceruledge	937	Fire/Ghost
1307	Tadbulb	938	Electric
1308	Bellibolt	939	Electric
1309	Wattrel	940	Electric/Flying
1310	Kilowattrel	941	Electric/Flying
1311	Maschiff	942	Dark
1312	Mabosstiff	943	Dark
1313	Shroodle	944	Poison/Normal
1314	Grafaiai	945	Poison/Normal
1315	Bramblin	946	Grass/Ghost
1316	Brambleghast	947	Grass/Ghost
1317	Toedscool	948	Ground/Grass
1318	Toedscruel	949	Ground/Grass
1319	Klawf	950	Rock
1320	Capsakid	951	Grass
1321	Scovillain	952	Grass/Fire
1322	Scovillain-Mega	952	Grass/Fire
1323	Rellor	953	Bug
1324	Rabsca	954	Bug/Psychic
1325	Flittle	955	Psychic
1326	Espathra	956	Psychic
1327	Tinkatink	957	Fairy/Steel
1328	Tinkatuff	958	Fairy/Steel
1329	Tinkaton	959	Fairy/Steel
1330	Wiglett	960	Water
1331	Wugtrio	961	Water
1332	Bombirdier	962	Flying/Dark
1333	Finizen	963	Water
1334	Palafin	964	Water
1335	Palafin-Hero	964	Water
1336	Varoom	965	Steel/Poison
1337	Revavroom	966	Steel/Poison
1338	Cyclizar	967	Dragon/Normal
1339	Orthworm	968	Steel
1340	Glimmet	969	Rock/Poison
1341	Glimmora	970	Rock/Poison
1342	Glimmora-Mega	970	Rock/Poison
1343	Greavard	971	Ghost
1344	Houndstone	972	Ghost
1345	Flamigo	973	Flying/Fighting
1346	Cetoddle	974	Ice
1347	Cetitan	975	Ice
1348	Veluza	976	Water/Psychic
1349	Dondozo	977	Water
1350	Tatsugiri	978	Dragon/Water
1351	Tatsugiri-Droopy	978	Dragon/Water
1352	Tatsugiri-Stretchy	978	Dragon/Water
1353	Tatsugiri-Curly-Mega	978	Dragon/Water
1354	Tatsugiri-Droopy-Mega	978	Dragon/Water
1355	Tatsugiri-Stretchy-Mega	978	Dragon/Water
1356	Annihilape	979	Fighting/Ghost
1357	Clodsire	980	Poison/Ground
1358	Farigiraf	981	Normal/Psychic
1359	Dudunsparce	982	Normal
1360	Dudunsparce-Three-Segment	982	Normal
1361	Kingambit	983	Dark/Steel
1362	Great Tusk	984	Ground/Fighting
1363	Scream Tail	985	Fairy/Psychic
1364	Brute Bonnet	986	Grass/Dark
1365	Flutter Mane	987	Ghost/Fairy
1366	Slither Wing	988	Bug/Fighting
1367	Sandy Shocks	989	Electric/Ground
1368	Iron Treads	990	Ground/Steel
1369	Iron Bundle	991	Ice/Water
1370	Iron Hands	992	Fighting/Electric
1371	Iron Jugulis	993	Dark/Flying
1372	Iron Moth	994	Fire/Poison
1373	Iron Thorns	995	Rock/Electric
1374	Frigibax	996	Dragon/Ice
1375	Arctibax	997	Dragon/Ice
1376	Baxcalibur	998	Dragon/Ice
1377	Baxcalibur-Mega	998	Dragon/Ice
1378	Gimmighoul	999	Ghost
1379	Gimmighoul-Roaming	999	Ghost
1380	Gholdengo	1000	Steel/Ghost
1381	Wo-Chien	1001	Dark/Grass
1382	Chien-Pao	1002	Dark/Ice
1383	Ting-Lu	1003	Dark/Ground
1384	Chi-Yu	1004	Dark/Fire
1385	Roaring Moon	1005	Dragon/Dark
1386	Iron Valiant	1006	Fairy/Fighting
1387	Koraidon	1007	Fighting/Dragon
1388	Miraidon	1008	Electric/Dragon
1389	Walking Wake	1009	Water/Dragon
1390	Iron Leaves	1010	Grass/Psychic
1391	Dipplin	1011	Grass/Dragon
1392	Poltchageist	1012	Grass/Ghost
1393	Poltchageist-Artisan	1012	Grass/Ghost
1394	Sinistcha	1013	Grass/Ghost
1395	Sinistcha-Masterpiece	1013	Grass/Ghost
1396	Okidogi	1014	Poison/Fighting
1397	Munkidori	1015	Poison/Psychic
1398	Fezandipiti	1016	Poison/Fairy
1399	Ogerpon	1017	Grass
1400	Ogerpon-Wellspring	1017	Grass/Water
1401	Ogerpon-Hearthflame	1017	Grass/Fire
1402	Ogerpon-Cornerstone	1017	Grass/Rock
1403	Ogerpon-Teal-Tera	1017	Grass
1404	Ogerpon-Wellspring-Tera	1017	Grass/Water
1405	Ogerpon-Hearthflame-Tera	1017	Grass/Fire
1406	Ogerpon-Cornerstone-Tera	1017	Grass/Rock
1407	Archaludon	1018	Steel/Dragon
1408	Hydrapple	1019	Grass/Dragon
1409	Gouging Fire	1020	Fire/Dragon
1410	Raging Bolt	1021	Electric/Dragon
1411	Iron Boulder	1022	Rock/Psychic
1412	Iron Crown	1023	Steel/Psychic
1413	Terapagos	1024	Normal
1414	Terapagos-Terastal	1024	Normal
1415	Terapagos-Stellar	1024	Normal
1416	Pecharunt	1025	Poison/Ghost
