file	eason	rank	player	url
s30-r1-muu-miraidon-calyrexice.txt	30	1	ムー	https://muu-poke.hatenablog.com/entry/2025/06/02/165346
s31-r2-mega-salamance-lunala.txt	31	2	うわっきー	https://mega-salamance.hatenablog.com/entry/2025/07/01/090000
s32-r1-juspoke-calyrexshadow-hooh.txt	32	1	じゃすぽけ	https://juspoke0817.hatenablog.com/entry/2025/09/01/190458
s33-r2-muu-miraidon-hooh.txt	33	2	ムー	https://muu-poke.hatenablog.com/entry/2025/09/02/181355
s34-r3-yinyang-calyrexshadow-zacian.txt	34	3	Crucifix X	https://yinyangpoke.hatenablog.com/entry/2025/10/02/220827
s35-r7-orion-stall.txt	35	7	orion	https://orion-poke.hatenablog.com/entry/2025/11/04/210436
s36-r1-imakuni-koraidon-arceusground.txt	36	1	イマクニ	https://note.com/pokemons2/n/n8310aed80d5f
s37-r3-shiguma-eternatus-arceus.txt	37	3	シグマ	https://shigumaaa.hatenablog.com/entry/2026/01/07/210423
s38-r8-wld-calyrexshadow-koraidon.txt	38	8	ハルヒ	https://wld.hatenablog.com/entry/2026/02/01/183652
s39-r7-claris-miraidon-zacian.txt	39	7	Claris	https://claris-bradbury.hatenablog.com/entry/2026/03/01/%E3%80%90SV_S39_%E6%9C%80%E7%B5%827%E4%BD%8D%E3%80%91%E3%83%92%E5%89%A3%E3%83%BB%E3%82%A4%E3%83%96%E3%83%95%E3%83%AD%E3%82%B9%E3%83%88
s32-r7-carbon-miraidon-calyrexice.txt	32	7	かーぼん	https://carbon-poke.hatenablog.com/entry/2025/08/04/212249
s34-r6-claris-koraidon-hooh.txt	34	6	Claris	https://claris-bradbury.hatenablog.com/entry/2025/10/02/%E3%80%90SV_S34%E6%9C%80%E7%B5%826%E4%BD%8D%E3%80%91%E4%BB%AE%E8%AA%AC%E7%82%8E%E7%B9%B9%E6%B3%95
s36-r6-monburan-arceus-calyrexshadow.txt	36	6	もんぶりゃん	https://monburan-poke.hatenablog.com/entry/2025/12/02/214328
s37-r1-bonobonnie-koraidon-calyrexshadow.txt	37	1	ぼのぼに	https://note.com/bonobonnie_poke/n/nde3e015a8261
s39-r6-wasawasabi-calyrexshadow-koraidon.txt	39	6	和差わさび	https://note.com/wasawasabi_p/n/n7a9496a40662
s35-r4-bonobonnie-arceus-calyrexshadow.txt	35	4	ぼのぼに	https://note.com/bonobonnie_poke/n/n33b2fba7bb95
s38-r10-aimaru-miraidon-zacian.txt	38	10	あいまる	https://note.com/aimaru4218/n/n616bda0e810f
s39-r15-amani-zacian-calyrexshadow.txt	39	15	あまに	https://amaniiii.hatenablog.com/entry/2026/03/01/110703
s39-r37-k-koraidon-eternatus.txt	39	37	けー	https://note.com/k_poke/n/ne064cc7d6d89
s39-r24-monburan-kyogre-necrozma.txt	39	24	もんぶりゃん	https://monburan-poke.hatenablog.com/entry/2026/03/01/185935
s39-r32-rakuda-calyrexshadow-hooh.txt	39	32	らくだ	https://rakuda256.hatenablog.com/entry/2026/03/03/071104
s39-r44-orosiponzu-koraidon-kyogre.txt	39	44	おろしポン酢	https://orosiponzupoke.hatenablog.com/entry/2026/03/01/163812
s38-r18-orion-lunala-stall.txt	38	18	orion	https://orion-poke.hatenablog.com/entry/2026/02/06/200809
s38-r26-carbon-calyrexshadow-zacian.txt	38	26	かーぼん	https://carbon-poke.hatenablog.com/entry/2026/03/01/004506
s38-r28-pokewww-miraidon-zacian.txt	38	28	pokewww	https://pokewww.hatenablog.com/entry/2026/02/05/183557
s38-r23-yuki-calyrexshadow-koraidon.txt	38	23	ゆき	https://yuki-pokemon.hatenablog.com/entry/2026/02/04/184728
s38-r29-aosan-calyrexshadow-zacian.txt	38	29	あおさん	https://aosanfn2525.hatenablog.com/entry/2026/02/03/082033
s37-r15-moriuma-wochien-calyrexshadow.txt	37	15	もりうま	https://moriumapoke1.hatenablog.com/entry/2026/01/05/195033
s37-r20-mizumo-miraidon-calyrexice.txt	37	20	みずも	https://mizumo-yadon079.hatenablog.com/entry/2026/01/07/195034
s36-r8-sso-arceusfairy-hooh.txt	36	8	sso	https://sso-061.hatenablog.com/entry/2025/12/01/224939
s36-r11-claris-calyrexshadow-koraidon.txt	36	11	Claris	https://claris-bradbury.hatenablog.com/entry/2026/01/10/%E3%80%90SV_S36%E6%9C%80%E7%B5%8211%E4%BD%8D%E3%80%91%E7%84%A1%E6%9C%88%E3%81%AE%E9%96%80
s36-r15-yh-koraidon-kyogre.txt	36	15	YH	https://a618aa389b.hatenablog.com/entry/2025/12/03/231413
s36-r16-denson-calyrexshadow-koraidon.txt	36	16	denson	https://densonrainy.hatenablog.com/entry/2025/12/03/183000
s36-r27-carbon-arceus-miraidon.txt	36	27	かーぼん	https://carbon-poke.hatenablog.com/entry/2026/01/05/122412
s36-r57-reira-calyrexshadow-zacian.txt	36	57	reira	https://rei-poke0728new.hatenablog.com/entry/2025/12/01/024949
s36-r60-nao-miraidon-arceus.txt	36	60	nao	https://kitai-nao98.hatenablog.com/entry/2025/12/01/104006
s36-r84-nan-calyrexshadow-arceus.txt	36	84	nan	https://moriumapoke1.hatenablog.com/entry/2025/12/01/134423
s36-r86-soreyui-miraidon-zacian.txt	36	86	soreyui	https://himawari-poke.hatenablog.com/entry/2025/12/04/175531
s36-r90-patrick-miraidon-arceus.txt	36	90	patrick	https://patrick-pory2.hatenablog.com/entry/2025/12/02/152902
s37-r32-notetyan-zacian-miraidon.txt	37	32	notetyan	https://note-tyan.hatenablog.com/entry/2026/01/05/143415
s37-r48-amani-terapagos-arceus.txt	37	48	amani	https://amaniiii.hatenablog.com/entry/2026/01/05/215504
s37-r50-ikedi-arceus-koraidon.txt	37	50	ikedi	https://iked.hatenablog.jp/entry/2026/01/07/000253
s38-r53-tagerau-koraidon-calyrexshadow.txt	38	53	tagerau	https://tagerau.hatenablog.com/entry/2026/02/01/122527
s35-r6-yinyang-calyrexshadow-arceus.txt	35	6	陰陽	https://yinyangpoke.hatenablog.com/entry/2025/11/01/222354
s35-r25-wld-arceusfairy-calyrexshadow.txt	35	25	ハルヒ	https://wld.hatenablog.com/entry/2025/11/02/114514
s35-r26-harubouzu-lunala-miraidon.txt	35	26	はるぼうず	https://harubouzu11.hatenablog.com/entry/2025/11/04/165041
s35-r27-amani-terapagos-arceusground.txt	35	27	あまに	https://amaniiii.hatenablog.com/entry/2025/11/01/172310
s34-r1-miraidon-calyrexice.txt	34	1	名前不明	https://wdp5ubyhqeatx9u.hatenablog.com/entry/2025/10/01/165858
s34-r9-hokama-hooh-calyrexshadow.txt	34	9	ほかま	https://ho-kama.hatenablog.com/entry/2025/10/03/003600
s34-r10-kurosaki-miraidon-zacian.txt	34	10	くろさき	https://kurosakipoke.hatenablog.com/entry/2025/10/01/182700
s34-r16-minrai-zacian-miraidon.txt	34	16	みんらい	https://minrai525.hatenablog.com/entry/2025/10/02/154338
s34-r18-ikae-koraidon-kyogre.txt	34	18	いかえ	https://ikae-poke.hatenablog.com/entry/2025/10/04/155421
s33-r9-urushi-koraidon-calyrexshadow.txt	33	9	ウルシ	https://urushi21.hatenablog.com/entry/2025/09/03/235043
s31-r9-shiguma-calyrexshadow-miraidon.txt	31	9	シグマ	https://shigumaaa.hatenablog.com/entry/2025/07/03/221207
s30-r9-maple-terapagos-groudon.txt	30	9	めいぷる	https://maple-pokemon.hatenablog.com/entry/2025/06/06/154423
s30-r10-oniyan-koraidon-kyogre.txt	30	10	おにーやん	https://oniyan0916.hatenablog.com/entry/2025/06/03/200912
s31-r3-8lu-zacian-miraidon.txt	31	3	8lu	https://harubrog16878.hatenadiary.jp/entry/2025/07/02/000000
s31-r12-otea-calyrexice-miraidon.txt	31	12	おてあ	https://kamex.hateblo.jp/entry/2025/07/03/000000
s31-r17-harubouzu-lunala-miraidon.txt	31	17	はるぼうず	https://harubouzu11.hatenablog.com/entry/2025/07/02/203000
s31-r20-srnear-lunala-koraidon.txt	31	20	srnear	https://srnear.hatenablog.com/entry/2025/07/03/000000
s31-r37-yoma-eternatus-calyrexice.txt	31	37	よま	https://yomapoke.hatenablog.com/entry/2025/07/04/000000
s30-r5-himajin-miraidon-calyrexice.txt	30	5	ひまじん	https://wdp5ubyhqeatx9u.hatenablog.com/entry/2025/06/02/000000
s30-r12-mia-calyrexshadow-zacian.txt	30	12	mia	https://m14zz.hatenablog.com/entry/2025/06/03/000000
s30-r19-sekki-lucario-zacian.txt	30	19	せっきー	https://pkmn-ys1224.hatenablog.com/entry/2025/06/04/000000
s30-r22-aisu-miraidon-calyrexice.txt	30	22	アイス	https://iceplant-poke.hatenablog.com/entry/2025/06/04/000000
s32-r16-dohidonatto-koraidon-calyrexshadow.txt	32	16	ドヒドナット	https://dohidonatto.hatenablog.com/entry/2025/08/03/145601
s33-r8-otake-miraidon-zacian.txt	33	8	おたけ	https://omayupoke.hatenablog.com/entry/2025/09/01/132630
s32-r17-kamereon-hooh-koraidon.txt	32	17	カメレオン	https://kamereon-pkmn.hatenablog.com/entry/2025/07/31/103737
s30-r26-ph-kyogre-zacian.txt	30	26	pH	https://phpoke.hatenablog.com/entry/2025/06/06/054650
s30-r27-minrai-koraidon-lunala.txt	30	27	みんらい	https://minrai525.hatenablog.com/entry/2025/06/01/181956
s33-r27-claris-koraidon-hooh.txt	33	27	めろーる	https://claris-bradbury.hatenablog.com/entry/2025/09/01/%E3%80%90SV_S33%E6%9C%80%E7%B5%8227%E4%BD%8D%E3%80%91
s30-r28-takie-calyrexshadow-terapagos.txt	30	28	タキエ	https://takie-hiyopoke.hatenablog.com/entry/2025/06/01/202534
s33-r35-irohas-calyrexshadow-kyogre.txt	33	35	いろはす	https://irohasu28.hatenadiary.com/entry/2025/09/02/232220
s30-r31-ramuka-miraidon-calyrexice.txt	30	31	ラムカ	https://ramu.hateblo.jp/entry/2025/06/02/181535
s30-r32-lazy-calyrexshadow-koraidon.txt	30	32	Lazy	https://lazy2525.hatenablog.com/entry/2025/06/01/102629
s30-r24-suken-hooh-miraidon.txt	30	24	すーけん	https://sukenbashipoke.hateblo.jp/entry/2025/06/08/160222
s33-r43-nan-wochien-calyrexshadow.txt	33	43	なん	https://moriumapoke1.hatenablog.com/entry/2025/09/01/103350
s32-r32-shin-miraidon-hooh.txt	32	32	シン	https://norunpoke.hatenablog.com/entry/2025/08/01/111148
s32-r38-orion-stall.txt	32	38	orion	https://orion-poke.hatenablog.com/entry/2025/08/07/164510
s30-r45-amani-calyrexshadow-zacian.txt	30	45	あまに	https://amaniiii.hatenablog.com/entry/2025/06/01/161622
s33-r51-gutieresu-calyrexshadow-miraidon.txt	33	51	グティエレス	https://gutielez6.hatenablog.com/entry/2025/09/04/203824
s32-r19-mia-calyrexshadow-koraidon.txt	32	19	みあ	https://m14zz.hatenablog.com/entry/2025/07/07/070700
s30-r47-hekiya-calyrexshadow-rayquaza.txt	30	47	闢夜	https://rukiapoke.hatenablog.com/entry/2025/06/01/192350
s33-r55-cider-kyogre-miraidon.txt	33	55	さいだー	https://cider-ppc.hatenablog.com/entry/2025/09/01/210035
s32-r44-todogura-kyogre-necrozmadm.txt	32	44	トドグラー	https://sealeo.hatenablog.com/entry/2025/08/02/133728
s30-r48-alph-calyrexshadow-miraidon.txt	30	48	あるふ	https://alf-poke.hatenablog.com/entry/2025/06/03/225855
s30-r50-nemunemu-calyrexshadow-kyogre.txt	30	50	ねむねむ	https://nemunemu-poke.hatenadiary.jp/entry/2025/06/01/174956
s33-r17-madorenu-terapagos-miraidon.txt	33	17	まどれーぬ	https://eff4dckeqm1cwsf.hatenablog.com/entry/2025/09/03/200032
s30-r54-kitehuwa-calyrexshadow-terapagos.txt	30	54	きてふわ	https://kitehuwa.hatenablog.com/entry/2025/06/02/174301
s30-r59-kyouta-zacian-calyrexshadow.txt	30	59	きょうた	https://judaspoke.hatenablog.com/entry/2025/06/02/010110
s30-r60-gunsa-lunala-koraidon.txt	30	60	ぐんさ	https://gunsa-poke.hateblo.jp/entry/2025/06/01/165055
s32-r64-shijo-koraidon-calyrexshadow.txt	32	64	しじょー	https://sxh1jyo.hatenablog.com/entry/2025/08/01/190000
s32-r67-nicoru-lunala-kyogre.txt	32	67	にこる	https://pokemon-nicoru.hatenablog.jp/entry/2025/08/01/180000
s33-r56-kuripton-calyrexshadow-zacian.txt	33	56	くりぷとん	https://megagengar.hatenadiary.jp/entry/2025/09/01/180000
s30-r61-mogamitsu-calyrexshadow-hooh.txt	30	61	もがみつ	https://mogamitu.hatenablog.com/entry/2025/06/02/182338
s30-r67-sutapoke-calyrexice-lunala.txt	30	67	スタぽけ	https://suta-poke.hatenablog.com/entry/2025/06/02/133803
s30-r69-yuuki-calyrexshadow-hooh.txt	30	69	ユウキ	https://yuki-pokemon.hatenablog.com/entry/2025/06/02/205003
s30-r71-chitan-kyogre-necrozmadm.txt	30	71	ちたん	https://titan-2001a.hatenablog.com/entry/2025/06/03/011708
s30-r83-ia-calyrexshadow-zacian.txt	30	83	イア	https://iapokemiku.hatenablog.com/entry/2025/06/04/184901
s30-r85-iineinu-calyrexshadow-terapagos.txt	30	85	イイネイヌ	https://iineinu-pk.hatenablog.com/entry/2025/06/01/122428
s30-r91-haruhi-calyrexshadow-hooh.txt	30	91	ハルヒ	https://wld.hatenablog.com/entry/2025/06/02/201147
s30-r95-seaberu-koraidon-lunala.txt	30	95	シーベル	https://sea-bell.hatenablog.com/entry/2025/06/01/230931
s32-r66-yuu-kyogre-eternatus.txt	32	66	ゆう	https://yuruchi0412.hatenablog.com/entry/2025/08/01/210343
s32-r68-madorenu-calyrexshadow-zacian.txt	32	68	まどれーぬ	https://eff4dckeqm1cwsf.hatenablog.com/entry/2025/08/03/211122
s32-r76-doradora-miraidon-zacian.txt	32	76	どらどら	https://ddora0110.hatenablog.com/entry/2025/08/01/131417
s32-r85-takayumi-koraidon-calyrexshadow.txt	32	85	たかゆみ	https://takayumipkmn.hatenablog.com/entry/2025/08/02/182105
s32-r88-soyuta-calyrexice-miraidon.txt	32	88	soyuta	https://soyuta369.hatenadiary.jp/entry/2025/08/02/133402
s33-r69-suzu-kyogre-eternatus.txt	33	69	スズ	https://winday77.hatenablog.com/entry/2025/09/01/201125
s33-r41-shin-eternatus-hooh.txt	33	41	シン	https://norunpoke.hatenablog.com/entry/2025/09/01/110115
s33-r86-pola-eternatus-calyrexice.txt	33	86	ポーラ	https://pola987654321.hatenablog.com/entry/2025/09/01/125247
s33-r115-kouchan-calyrexshadow-zacian.txt	33	115	こうちゃん	https://hashige.hatenadiary.jp/entry/2025/09/02/171920
s32-r166-takuwan-terapagos-calyrexshadow.txt	32	166	たくわん	https://no132takuan.hatenablog.com/entry/2025/08/01/194111
s32-r171-naoppi-terapagos-hooh.txt	32	171	なおっぴー	https://naoppi24.hatenablog.com/entry/2025/08/02/194433
s32-r203-bousuke-calyrexshadow-zacian.txt	32	203	ぼうすけ!	https://ilikedeltarune.hatenablog.com/entry/2025/08/01/142113
s33-r11-jasupoke-calyrexshadow-hooh.txt	33	11	じゃすぽけ	https://juspoke0817.hatenablog.com/entry/2025/09/01/190458
s33-r16-uwakki-koraidon-lugia.txt	33	16	うわっきー	https://mega-salamance.hatenablog.com/entry/2025/09/17/193413
s33-r25-orion-eternatus-hooh.txt	33	25	orion	https://orion-poke.hatenablog.com/entry/2025/09/05/182055
s33-r103-mein-calyrexshadow-zacian.txt	33	103	めいん	https://mpagajdtatdtj.hatenablog.com/entry/2026/03/04/192135
s33-r143-raino-calyrexshadow-kyogre.txt	33	143	らいの	https://raypoke0319.hatenablog.com/entry/2025/09/02/104356
s33-r204-sura-miraidon-calyrexice.txt	33	204	すら	https://main-slime.hatenablog.com/entry/2025/09/03/020203
s33-r205-monburan-calyrexshadow-terapagos.txt	33	205	もんぶりゃん	https://monburan-poke.hatenablog.com/entry/2025/09/03/184211
s33-r211-hakua-necrozmadw-calyrexice.txt	33	211	白阿	https://ha9a.hatenablog.com/entry/2025/09/01/182106
s33-r222-marukadoru-giratina-zamazenta.txt	33	222	マルカドール	https://marcadorjellal.hatenablog.com/entry/2025/09/01/173456
s33-r233-kasu-miraidon-kyogre.txt	33	233	かす	https://kasupoke.hatenablog.com/entry/2025/09/01/173918
s33-r248-matsuri-miraidon-koraidon.txt	33	248	まつり	https://yamamatsuri8683.hatenablog.com/entry/2025/09/01/210925
s33-r250-shionaria-calyrexshadow-terapagos.txt	33	250	詩音ありあ	https://utakatano-aria.hatenablog.com/entry/2025/09/02/075152
s33-r260-shamburu-koraidon-hooh.txt	33	260	シャンブル	https://derahopoke.hatenablog.com/entry/2025/09/03/155023
s33-r270-suisan-eternatus-zacian.txt	33	270	すいさん	https://suipoke.hatenablog.jp/entry/2025/09/01/124318
s33-r281-atsu-zacian-miraidon.txt	33	281	あつ	https://stat0731.hatenablog.com/entry/2025/09/02/070328
s33-r289-yatoru-koraidon-lunala.txt	33	289	yatoru	https://yatorukun.hatenablog.com/entry/2025/09/01/231250
s33-r300-manati-miraidon-kyogre.txt	33	300	まなてぃー	https://manatee1210.hatenablog.com/entry/2025/09/02/215227
s32-r213-furuura-lunala-hooh.txt	32	213	ふるーら	https://em-h.hatenablog.com/entry/2025/08/04/103931
s32-r214-shigure-calyrexice-eternatus.txt	32	214	shigure	https://shigure3333.hatenablog.com/entry/2025/08/01/122124
s32-r230-mugi-koraidon-calyrexshadow.txt	32	230	むぎ	https://mugi-poke7.hatenablog.com/entry/2025/08/02/142214
s30-r128-makki-calyrexshadow-terapagos.txt	30	128	マッキー	https://makki-poke.hatenablog.com/entry/2025/06/01/124220
s30-r132-shionaria-calyrexshadow-terapagos.txt	30	132	詩音ありあ	https://utakatano-aria.hatenablog.com/entry/2025/06/01/142645
s30-r175-serenia-lunala-zacian.txt	30	175	セレニア	https://srnear.hatenablog.com/entry/2025/06/01/212123
s30-r180-sharu-calyrexshadow-hooh.txt	30	180	シャル	https://sharu-pokemon.hatenablog.com/entry/2025/06/01/180000
s30-r181-yamada-eternatus-zacian.txt	30	181	やまだ	https://yamada-pokemon.hatenablog.com/entry/2025/06/01/181000
s30-r189-tak-koraidon-kyogre.txt	30	189	タク	https://tak-pokemon.hatenablog.com/entry/2025/06/01/189000
s30-r217-isea-koraidon-hooh.txt	30	217	イセア	https://iseapoke.hatenablog.com/entry/2025/06/02/142317
s30-r219-yachima-calyrexice-miraidon.txt	30	219	ヤチマ難民	https://bonten110yen.hatenablog.jp/entry/2025/06/01/235600
s30-r233-kani-eternatus-hooh.txt	30	233	かに	https://kanigame.hatenablog.com/entry/2025/06/01/130006
s30-r234-dai-calyrexshadow-zamazenta.txt	30	234	DAI	https://pokemondai.hatenablog.com/entry/2025/06/01/102745
s30-r240-zumiharu-terapagos-zacian.txt	30	240	ずみはる	https://zumiharu584.hatenablog.com/entry/2025/06/01/210147
s30-r267-kuro-calyrexshadow-zamazenta.txt	30	267	くろ	https://pokemon-kuro.hatenablog.com/entry/2025/06/02/201910
s30-r272-kasana-miraidon-necrozmadm.txt	30	272	かさな	https://kasanax.hatenablog.com/entry/2025/06/01/143539
s30-r294-takayumi-rayquaza-calyrexshadow.txt	30	294	たかゆみ	https://takayumipkmn.hatenablog.com/entry/2025/06/01/192446
s30-r297-ryuki-calyrexshadow-hooh.txt	30	297	龍鬼	https://rukigazette0227.hatenablog.com/entry/2025/06/01/170337
s30-r10-oniiyan-koraidon-kyogre.txt	30	10	おにーやん	https://oniyan0916.hatenablog.com/entry/2025/06/03/200912
s30-r47-byakuya-calyrexshadow-rayquaza.txt	30	47	闢夜	https://rukiapoke.hatenablog.com/entry/2025/06/01/192350
s30-r59-kyouta-calyrexshadow-zacian.txt	30	59	キョウタ	https://judaspoke.hatenablog.com/entry/2025/06/10/010150
s30-r115-kyonkyon-calyrexice-groudon.txt	30	115	Kyonkyon	https://kyoto-kyonkyon.hatenablog.com/entry/2025/06/01/232839
s30-r148-flat-calyrexshadow-miraidon.txt	30	148	ふらっと	https://flatpoke2023.hatenadiary.com/entry/2025/06/01/154709
s31-r1-uwakki-koraidon-lunala.txt	31	1	uwakki	https://mega-salamance.hatenablog.com/entry/2025/07/01/090000
s31-r2-choka-calyrexshadow-koraidon.txt	31	2	choka	https://tixyoca.hatenablog.com/entry/2025/07/02/121539
s31-r4-muu-koraidon-lunala.txt	31	4	muu	https://muu-poke.hatenablog.com/entry/2025/07/03/213423
s31-r17-haru-miraidon-lunala.txt	31	17	haru	https://harubouzu11.hatenablog.com/entry/2025/07/02/220027
s31-r20-serenia-koraidon-lunala.txt	31	20	serenia	https://srnear.hatenablog.com/entry/2025/07/02/102559
s31-r46-mirufi-calyrexshadow-hooh.txt	31	46	mirufi	https://missdd.hatenablog.com/entry/2025/07/01/192630
s31-r49-purinpoke-miraidon-hooh.txt	31	49	purinpoke	https://pudding-poke.hatenablog.com/entry/2025/07/06/%E3%80%90S31_%E6%9C%80%E7%B5%8249%E4%BD%8D%E3%80%91%E3%83%9F%E3%83%A9%E3%82%A4%E3%83%9B%E3%82%A6%E3%82%AA%E3%82%A62nd%E3%80%90%E3%83%9D%E3%82%B1%E3%83%A2%E3%83%B3SV%E3%80%91
s31-r53-tottuan-koraidon-lunala.txt	31	53	tottuan	https://tottuanpoke.hatenablog.com/entry/2025/07/05/220702
s31-r67-shiha-lunala-zacian.txt	31	67	shiha	https://shihapoke.hatenablog.com/entry/2025/07/01/185645
s31-r78-madogiwa-calyrexshadow-koraidon.txt	31	78	madogiwa	https://m-adogiwa.hatenablog.com/entry/2025/07/04/073923
s31-r89-edrum-miraidon-calyrexice.txt	31	89	edrum	https://poccyama0393.hatenablog.com/entry/2025/07/04/003657
s31-r94-chitatsu-calyrexshadow-zacian.txt	31	94	chitatsu	https://snorlaxigon.hatenablog.com/entry/2025/07/01/224430
s34-r3-kuromochi-calyrexshadow-zacian.txt	34	3	kuromochi	https://yinyangpoke.hatenablog.com/entry/2025/10/02/220827
s34-r9-houkama-calyrexshadow-hooh.txt	34	9	houkama	https://ho-kama.hatenablog.com/entry/2025/10/03/003600
s34-r29-sora-kyogre-necrozmadm.txt	34	29	sora	https://sso-061.hatenablog.com/entry/2025/10/02/200405
s34-r42-makki-koraidon-lunala.txt	34	42	makki	https://makki-poke.hatenablog.com/entry/2025/10/01/1246
s34-r48-jhonpoke-miraidon-kyogre.txt	34	48	jhonpoke	https://johnpoke.hatenablog.com/entry/2025/10/01/215122
s34-r50-reira-zacian-miraidon.txt	34	50	reira	https://rei-poke0728new.hatenablog.com/entry/2025/10/06/200813
s34-r56-nan-calyrexshadow-arceus.txt	34	56	nan	https://moriumapoke1.hatenablog.com/entry/2025/10/01/151145
s34-r66-patrick-miraidon-arceus.txt	34	66	patrick	https://patrick-pory2.hatenablog.com/entry/2025/10/01/223941
s34-r70-tanpakushitsu-koraidon-calyrexshadow.txt	34	70	tanpakushitsu	https://tanpaku-pk2.hatenablog.com/entry/2025/10/02/183025
s35-r6-kuromochi-calyrexshadow-arceus.txt	35	6	kuromochi	https://yinyangpoke.hatenablog.com/entry/2025/11/01/222354
s35-r7-orion-hooh-arceus.txt	35	7	orion	https://orion-poke.hatenablog.com/entry/2025/11/04/210436
s35-r9-raino-calyrexshadow-zacian.txt	35	9	raino	https://raypoke0319.hatenablog.com/entry/2025/11/05/181542
s35-r21-nan-calyrexshadow-arceus.txt	35	21	nan	https://moriumapoke1.hatenablog.com/entry/2025/11/01/101531
s35-r25-haruhi-calyrexshadow-arceus.txt	35	25	haruhi	https://wld.hatenablog.com/entry/2025/11/02/114514
s35-r27-amani-terapagos-arceus.txt	35	27	amani	https://amaniiii.hatenablog.com/entry/2025/11/01/172310
s35-r37-notetyan-lunala-koraidon.txt	35	37	notetyan	https://note-tyan.hatenablog.com/entry/2025/11/01/235041
s35-r48-nokkusu-koraidon-lugia.txt	35	48	nokkusu	https://no-x.hatenablog.com/entry/2025/11/02/185756
s35-r56-minrai-calyrexshadow-zacian.txt	35	56	minrai	https://minrai525.hatenablog.com/entry/2025/11/02/131610
s35-r70-rizadorana-koraidon-arceus.txt	35	70	rizadorana	https://rizadorana.hatenablog.com/entry/2025/11/02/104923
s35-r72-mizumo-calyrexice-kyogre.txt	35	72	mizumo	https://mizumo-yadon079.hatenablog.com/entry/2025/11/01/222512
s35-r79-madorenu-calyrexshadow-zacian.txt	35	79	madorenu	https://eff4dckeqm1cwsf.hatenablog.com/entry/2025/11/02/182423
s35-r91-katen-hooh-eternatus.txt	35	91	katen	https://karten-222.hatenablog.com/entry/2025/11/03/004300
s35-r102-hamutaro-miraidon-kyogre.txt	35	102	hamutaro	https://hamuhax.hatenablog.com/entry/2025/11/02/164502/1
s35-r128-aisu-miraidon-calyrexice.txt	35	128	aisu	https://iceplant-poke.hatenablog.com/entry/2025/11/01/234718
s37-r26-yuuta-koraidon-lunala.txt	37	26	yuuta	https://m4hkmqy0esbsqvb.hatenablog.com/entry/2026/01/05/212915
s37-r62-tonton-koraidon-calyrexshadow.txt	37	62	tonton	https://tontonpoke.hatenablog.com/entry/2026/01/06/073402
s38-r8-haruhi-calyrexshadow-koraidon.txt	38	8	haruhi	https://wld.hatenablog.com/entry/2026/02/01/183652
s38-r23-yuuki-calyrexshadow-koraidon.txt	38	23	yuuki	https://yuki-pokemon.hatenablog.com/entry/2026/02/04/184728
s38-r28-yuki-miraidon-zacian.txt	38	28	yuki	https://pokewww.hatenablog.com/entry/2026/02/05/183557
s38-r38-sutapoke-miraidon-hooh.txt	38	38	sutapoke	https://suta-poke.hatenablog.com/entry/2026/02/02/193817
s38-r63-shake-hooh-eternatus.txt	38	63	shake	https://oshapoke.hatenablog.com/entry/2026/02/02/193146
s38-r66-amiibo-koraidon-lunala.txt	38	66	amiibo	https://amilb.hatenablog.com/entry/2026/02/01/172821
s38-r78-minrai-miraidon-zacian.txt	38	78	minrai	https://minrai525.hatenablog.com/entry/2026/02/04/081126
s38-r99-yuupoke-koraidon-hooh.txt	38	99	yuupoke	https://kubochan523198.hatenablog.com/entry/2026/02/01/191130
s39-r44-oroshiponzu-koraidon-kyogre.txt	39	44	oroshiponzu	https://orosiponzupoke.hatenablog.com/entry/2026/03/01/163812
s39-r47-jhonpoke-miraidon-kyogre.txt	39	47	jhonpoke	https://johnpoke.hatenablog.com/entry/2026/03/01/103357
s39-r53-kureto-calyrexshadow-zacian.txt	39	53	kureto	https://kuretoarisia.hatenablog.com/entry/2026/03/03/011311
s39-r72-mugi-koraidon-lunala.txt	39	72	mugi	https://mugi-poke7.hatenablog.com/entry/2026/03/01/150350
s39-r75-yoshi-calyrexshadow-hooh.txt	39	75	yoshi	https://yoshi-poke.hatenablog.com/entry/2026/03/01/181526
s39-r78-nan-miraidon-hooh.txt	39	78	nan	https://moriumapoke1.hatenablog.com/entry/2026/03/01/102815
s39-r82-hoimin-koraidon-lunala.txt	39	82	hoimin	https://hoiminpoke.hatenablog.com/entry/2026/03/04/071753
s39-r96-nicoru-koraidon-lunala.txt	39	96	nicoru	https://pokemon-nicoru.hatenablog.jp/entry/2026/03/02/161905
s39-r102-ribashi-koraidon-lunala.txt	39	102	ribashi	https://ribrashiii.hatenablog.com/entry/2026/03/01/160037
s39-r118-patrick-miraidon-calyrexice.txt	39	118	patrick	https://patpory2.hatenablog.com/entry/2026/03/01/000000
s39-r175-brutal-koraidon-lunala.txt	39	175	brutal	https://brutalpoke.hatenablog.com/entry/2026/03/01/120000
s36-r8-sora-arceus-hooh.txt	36	8	そら	https://sso-061.hatenablog.com/entry/2025/12/01/224939
s36-r9-force-koraidon-calyrexshadow.txt	36	9	ふぉーす	https://forceast1809.hatenablog.com/entry/2025/12/02/131310
s37-r65-maanu-calyrexshadow-arceus.txt	37	65	まあぬ	https://yruloving.hatenablog.com/entry/2026/01/05/195751
s36-r15-yh-koraidon-kyogre.txt	36	15	YH	https://a618aa389b.hatenablog.com/entry/2025/12/03/231413
s36-r16-denson-calyrexshadow-koraidon.txt	36	16	でんそん	https://densonrainy.hatenablog.com/entry/2025/12/03/183000
s36-r25-coral-calyrexshadow-arceus.txt	36	25	Coral	https://aibo-rsn.hatenablog.com/entry/2025/12/02/192106
s36-r27-carbon-arceus-miraidon.txt	36	27	かーぼん	https://carbon-poke.hatenablog.com/entry/2026/01/05/122412
s36-r31-sharu-arceus-zacian.txt	36	31	しゃる	https://shallll.hatenablog.com/entry/2025/12/01/000000
s36-r43-yuuta-koraidon-kyogre.txt	36	43	ゆうた	https://m4hkmqy0esbsqvb.hatenablog.com/entry/2025/12/01/214626
s37-r88-jhon-miraidon-kyogre.txt	37	88	jhonぽけ	https://johnpoke.hatenablog.com/entry/2026/01/05/212413
s37-r89-satoshi-arceus-calyrexshadow.txt	37	89	サトシ	https://denjirou.hatenablog.com/entry/2026/01/06/135020
s37-r97-barechau-miraidon-arceus.txt	37	97	ばれちゃうかも	https://barechau-kamo.hatenablog.com/entry/2026/01/06/010150
s36-r57-reira-zacian-calyrexshadow.txt	36	57	レイラ	https://rei-poke0728new.hatenablog.com/entry/2025/12/01/024949
s36-r60-nao-miraidon-arceus.txt	36	60	Nao	https://kitai-nao98.hatenablog.com/entry/2025/12/01/104006
s36-r84-nan-calyrexshadow-arceus.txt	36	84	なん	https://moriumapoke1.hatenablog.com/entry/2025/12/01/134423
s36-r83-yukurusu-koraidon-calyrexshadow.txt	36	83	ゆーくるす	https://rankurusu-poke.hatenablog.com/entry/2025/12/03/122411
s38-r74-garashi-miraidon-hooh.txt	38	74	ガラシ	https://gara4poke.hatenablog.com/entry/2026/02/01/123244
s38-r131-hawawa-zacian-miraidon.txt	38	131	小岩井はわわ	https://hawawa-chandelure.hatenablog.com/entry/2026/02/01/200433
s37-r93-mein-calyrexshadow-zacian.txt	37	93	めいん	https://mpagajdtatdtj.hatenablog.com/entry/2026/03/04/192135
s37-r184-alpha-miraidon-hooh.txt	37	184	あるふぁ。	https://alphamaru.hatenablog.com/entry/2026/01/07/222948
s37-r202-zeroroku-miraidon-koraidon.txt	37	202	ぜろろく	https://yinner06.hatenablog.com/entry/2026/01/05/203919
s37-r209-kei-calyrexshadow-kyogre.txt	37	209	鈴木けい	https://kei-goomy.hatenablog.com/entry/2026/01/05/213508
s37-r217-salmon-calyrexshadow-zamazenta.txt	37	217	サーモン	https://salmooon-pk.hatenablog.com/entry/2026/01/08/115633
s36-r90-patrick-miraidon-arceus.txt	36	90	パトリック	https://patrick-pory2.hatenablog.com/entry/2025/12/02/152902
s38-r155-akushisu-calyrexshadow-zacian.txt	38	155	アクシス	https://pokemon-otherwise.hatenablog.com/entry/Pokemon_SV_S38
s36-r22-madogiwa-calyrexshadow-terapagos.txt	36	22	Madogiwa	https://m-adogiwa.hatenablog.com/entry/2025/12/03/231758
s36-r44-madorenu-calyrexshadow-zacian.txt	36	44	まどれーぬ	https://eff4dckeqm1cwsf.hatenablog.com/entry/2025/12/03/194406
s36-r114-nko-koraidon-arceus.txt	36	114	Nこ	https://kobayasinx.hatenablog.com/entry/2025/12/03/045754
s36-r123-rabu-terapagos-zacian.txt	36	123	RABUさん	https://rabusan-doooo.hatenablog.jp/entry/2025/12/06/182209
s36-r131-monoma-calyrexshadow-hooh.txt	36	131	ものま	https://monoma-gallade.hatenablog.com/entry/2025/12/02/202201
s36-r157-brutal-lunala-koraidon.txt	36	157	Brutal	https://brutal2832025.hatenablog.jp/entry/2025/12/03/004841
s36-r162-zeroroku-miraidon-koraidon.txt	36	162	ぜろろく	https://yinner06.hatenablog.com/entry/2025/12/01/120304
s36-r184-chamburu-arceus-zacian.txt	36	184	シャンブル	https://derahopoke.hatenablog.com/entry/2025/12/04/200056
s36-r213-namahamu-giratina-zacian.txt	36	213	なまハム	https://namahamu-pokemon.hatenablog.com/entry/2025/12/05/183009
s36-r228-konchi-calyrexshadow-arceus.txt	36	228	こんち	https://konchi-poke.hatenablog.com/entry/2025/12/03/234020
s37-r183-shin-miraidon-calyrexshadow.txt	37	183	シン	https://norunpoke.hatenablog.com/entry/2026/01/05/193228
s37-r208-kyonkyon-calyrexice-arceus.txt	37	208	Kyonkyon	https://kyoto-kyonkyon.hatenablog.com/entry/2026/01/05/202400
s37-r236-tanebi-koraidon-arceus.txt	37	236	種火	https://seedflare-poke.hatenablog.com/entry/2026/01/06/013703
s38-r44-poponotan-eternatus-hooh.txt	38	44	ポポノタン	https://ppntn.hatenablog.com/entry/2026/02/01/181512
s39-r48-yotsuba-calyrexshadow-hooh.txt	39	48	よつば	https://pokeyotuba.hatenablog.com/entry/2026/03/01/110101
s39-r49-madorenu-zacian-miraidon.txt	39	49	まどれーぬ	https://eff4dckeqm1cwsf.hatenablog.com/entry/2026/03/03/195841
s39-r100-manjau-zacian-terapagos.txt	39	100	まんじゃう	https://jyau-blog.hatenablog.com/entry/2026/03/01/112758
s39-r45-force-calyrexshadow-kyogre.txt	39	45	ふぉーす	https://forceast1809.hatenablog.com/entry/2026/03/02/210501
s37-r104-kaji-terapagos-arceus.txt	37	104	カジ	https://wkaji.hatenablog.com/entry/2026/01/06/083452
s37-r40-shigeki-calyrexice-miraidon.txt	37	40	刺威刻	https://sousouka.hatenablog.com/entry/2026/01/05/163915
s38-r146-7z-calyrexshadow-koraidon.txt	38	146	7Z	https://giwnl.hatenablog.com/entry/2026/02/03/133850
s39-r120-habataku8-calyrexshadow-kyogre.txt	39	120	はばたく8	https://flutter8.hatenablog.jp/entry/2026/03/12/004800
s39-r175-brutal-koraidon-lunala.txt	39	175	Brutal	https://brutal2832025.hatenablog.jp/entry/2026/03/02/000224
s39-r129-fushimikage-calyrexshadow-eternatus.txt	39	129	伏見影	https://mikage-poke.hatenablog.com/entry/2026/02/02/003101
s37-r142-rakuda-calyrexshadow-hooh.txt	37	142	らくだ	https://rakuda256.hatenablog.com/entry/2026/01/06/112759
s36-r88-kitashika-miraidon-arceus.txt	36	88	キタシカ	https://ki-tashika.hatenablog.com/entry/2025/12/01/151024
s35-r69-snowflake-koraidon-calyrexshadow.txt	35	69	❆	https://pokewww.hatenablog.com/entry/2025/11/02/125637
s38-r231-sol-koraidon-calyrexshadow.txt	38	231	SOL	https://sol-poke2025.hatenablog.com/entry/2026/02/01/101710
s38-r234-taruto-koraidon-lunala.txt	38	234	TARUTO	https://taruto1453.hatenablog.com/entry/2026/02/02/025201
s38-r243-namaken-zacian-calyrexshadow.txt	38	243	生拳	https://arminarlert.hatenablog.com/entry/2026/02/01/184537
s38-r296-fujisho-koraidon-calyrexshadow.txt	38	296	ふじしょー	https://esura0060.hatenablog.com/entry/2026/02/02/125146
s39-r230-grey-calyrexice-giratina.txt	39	230	グレイ	https://greyninja.hatenablog.com/entry/2026/03/02/221956
s39-r240-sol-koraidon-calyrexshadow.txt	39	240	SOL	https://sol-poke2025.hatenablog.com/entry/2026/03/01/104212
s39-r248-sakuro-miraidon-calyrexshadow.txt	39	248	桜狼	https://pokesan1121.hatenablog.com/entry/2026/02/21/215549
s36-r153-yuri-calyrexshadow-arceus.txt	36	153	yuri	https://yuriiii5.hatenablog.com/entry/2025/12/03/010101
s34-r23-sekkii-lunala-arceus.txt	34	23	せっきー	https://pkmn-ys1224.hatenablog.com/entry/2025/10/01/154621
s35-r54-hatena-koraidon-lunala.txt	35	54	はてな	https://paov8i5qwu0dwvn.hatenablog.com/entry/2025/11/02/134237
s34-r64-kureto-miraidon-arceus.txt	34	64	くれと	https://kuretoarisia.hatenablog.com/entry/2025/10/01/115935
s35-r59-pb-calyrexshadow-arceus.txt	35	59	P.B.	https://catan.hatenablog.com/entry/2025/10/01/131438
s34-r77-gorimuchuu-koraidon-lunala.txt	34	77	五里霧中	https://beii.hatenablog.com/entry/2025/10/01/000000
s34-r94-snowflake-eternatus-zacian.txt	34	94	❆	https://pokewww.hatenablog.com/entry/2025/10/02/135000
s35-r40-yuuki-calyrexshadow-arceus.txt	35	40	ユウキ	https://yuki-pokemon.hatenablog.com/entry/2025/11/06/205255
s37-r156-akarichan-calyrexshadow-arceus.txt	37	156	あかりちゃん	https://sakuya-fairithm.hatenablog.com/entry/20260105RegJ
s34-r108-nyoro-eternatus-kyogre.txt	34	108	にょろ	https://nyoro-rain.hatenablog.com/entry/2025/10/01/200000
s34-r109-tonton-koraidon-calyrexshadow.txt	34	109	とんとん	https://tontonpoke.hatenablog.com/entry/2025/10/01/223407
s34-r114-habataku8-zacian-calyrexshadow.txt	34	114	はばたく8	https://flutter8.hatenablog.jp/entry/2025/10/01/164224
s35-r168-fujisho-koraidon-kyogre.txt	35	168	ふじしょー	https://esura0060.hatenablog.com/entry/2025/11/02/140011
s37-r161-ikae-koraidon-kyogre.txt	37	161	イカエ	https://ikae-poke.hatenablog.com/entry/2026/01/05/214203
s34-r126-kara-calyrexshadow-arceus.txt	34	126	カラ	https://karakarapoke.hatenablog.com/entry/2025/09/29/112918
s34-r138-kyouta-koraidon-calyrexshadow.txt	34	138	キョウタ	https://judaspoke.hatenablog.com/entry/2025/10/08/000945
s34-r142-maromaku-koraidon-calyrexshadow.txt	34	142	まろまく！	https://maromaku0136.hatenablog.com/entry/2025/10/01/%E3%80%90SV_S34%E6%9C%80%E7%B5%82142%E4%BD%8D%E3%83%BBR2003%E3%80%91%E3%82%A2%E3%82%A4%E3%83%93%E3%82%B9%E3%82%B5%E3%83%9E%E3%83%BC%E3%83%80%E3%83%83%E3%82%B7%E3%83%A5
s34-r150-barechau-koraidon-hooh.txt	34	150	ばれちゃうかも	https://barechau-kamo.hatenablog.com/entry/2025/10/01/152634
s34-r157-manzoku-calyrexice-arceus.txt	34	157	満足	https://manzoku21.hatenablog.com/entry/2025/10/08/074434
s30-r12-mia-calyrexshadow-zacian.txt	30	12	みあ	https://m14zz.hatenablog.com/entry/2025/06/01/140814
s30-r19-sekkii-zacian-calyrexshadow.txt	30	19	せっきー	https://pkmn-ys1224.hatenablog.com/entry/2025/06/01/185257
s30-r22-aisu-miraidon-calyrexice.txt	30	22	あいす	https://iceplant-poke.hatenablog.com/entry/2025/06/03/185200
s30-r43-alpha-koraidon-calyrexshadow.txt	30	43	あるふぁ。	https://alphamaru.hatenablog.com/entry/2025/06/02/181413
s31-r23-bajomaru-miraidon-calyrexice.txt	31	23	ばじょまる	https://jojolol.hatenablog.com/entry/2025/07/05/040936
s31-r37-yoma-eternatus-calyrexice.txt	31	37	yoma	https://yomapoke.hatenablog.com/entry/2025/07/02/210827
s31-r50-ichigo-koraidon-eternatus.txt	31	50	イチゴ「」	https://ukeruichigo.hatenablog.com/entry/2025/07/08/230245
s33-r21-inu-miraidon-calyrexshadow.txt	33	21	犬	https://xx0405xx.hatenablog.com/entry/2025/09/03/160905
s30-r54-kitehuwa-calyrexshadow-terapagos.txt	30	54	きてふわ	https://kitehuwa.hatenablog.com/entry/2025/06/04/210425
s31-r63-amani-eternatus-kyogre.txt	31	63	あまに	https://amaniiii.hatenablog.com/entry/2025/07/01/215747
s32-r12-uwakkii-koraidon-lugia.txt	32	12	うわっきー	https://mega-salamance.hatenablog.com/entry/2025/09/17/193405
s32-r42-inu-zacian-miraidon.txt	32	42	犬	https://xx0405xx.hatenablog.com/entry/2025/09/07/225006
s32-r145-yatoru-koraidon-lunala.txt	32	145	yatoru	https://yatorukun.hatenablog.com/entry/2025/08/01/152514
s32-r6-hoosedeer-koraidon-calyrexshadow.txt	32	6	hoosedeer	https://note.com/fair_ferret658/n/nae60cf9ee9d0
s34-r2-jaspoke-calyrexshadow-hooh.txt	34	2	じゃすぽけ	https://note.com/apt_koala3554/n/n01678c59c950
s34-r27-question-kyogre-koraidon.txt	34	27	question	https://note.com/quon_poke/n/n6e1f94b827e1
s31-r41-krypton-zacian-calyrexshadow.txt	31	41	くりぷとん	https://note.com/krypton323/n/n99234e37c901
s31-r47-kon-koraidon-calyrexshadow.txt	31	47	こん	https://note.com/kon_pokepoke/n/n033adf20bcad
s32-r31-nagato-miraidon-lunala.txt	32	31	ながと	https://note.com/alert_newt6516/n/nd5424362882e
s32-r67-nicol-lunala-kyogre.txt	32	67	ニコル	https://pokemon-nicoru.hatenablog.jp/entry/2025/08/02/164743
